entry_id,asset_id,source_field
entry_003dca02286e780af10f,asset_7b30733e413497993834,DVIDS Video ID
entry_00a8b83d2d5e598e801e,asset_220c68351534e4c49701,DVIDS Video ID
entry_0177dbb4d82c0471a1d9,asset_b63ef2ea86163e30a6ca,DVIDS Video ID
entry_01acd3ac70fdb551c972,asset_24ccc8c57ca64ea5e25d,DVIDS Video ID
entry_01acd3ac70fdb551c972,asset_4555d94dd6067f57f341,PDF | Image Link
entry_032e94fb8da8021f128f,asset_c97bdc6e2ebaeae66aab,DVIDS Video ID
entry_03b94761819ff9218bc7,asset_ce6997fe4412f46a5ca0,DVIDS Video ID
entry_047251b1c03ba39746e3,asset_672ae7eab15481ff27b5,PDF | Image Link
entry_04ac3b84089fd3ce44a6,asset_aef933642db8134afc0c,PDF | Image Link
entry_062508c308d4d6f14018,asset_7bd99ac64660258e7336,PDF | Image Link
entry_06334173da6f26e4b647,asset_0f7ae0d4f1a7e281a3e9,DVIDS Video ID
entry_06af00e8a441b6b00e37,asset_61bbc3ffd5e3bf85b9f4,DVIDS Video ID
entry_0730c6c7dd137f452133,asset_e277f0b4d0fa62b9228a,PDF | Image Link
entry_0939d554090e1f55115c,asset_408ec5fba997e8babf1a,DVIDS Video ID
entry_0954ddb0ae77cc82150b,asset_af42a6774881c110f58a,PDF | Image Link
entry_09ff9a4916893c28f38d,asset_8d0b85ce46109d06c293,PDF | Image Link
entry_0a2c7135abc19a35bf22,asset_bf08008b8a1aa79e4c4d,PDF | Image Link
entry_0a7d40fcacd2df03608c,asset_fc0449b783373e6a5dd2,DVIDS Video ID
entry_0b40f110c793d283da09,asset_1fe32c3a09eebd7baee9,DVIDS Video ID
entry_0b40f110c793d283da09,asset_ea029a05470b8f4e9695,PDF | Image Link
entry_0c2f003ad8b1da78404c,asset_be533a4ab886eb11d70b,PDF | Image Link
entry_0cec1907397460d7a188,asset_7b2fec96cf493ed7933b,PDF | Image Link
entry_0d325c95da78aeea3678,asset_5a0436714939afe42829,DVIDS Video ID
entry_0d8fcb89c8fb00abccfa,asset_fd342b7508668b0e4400,PDF | Image Link
entry_0e25c219904dcccd1093,asset_1ee8b23bad91c7f521d1,DVIDS Video ID
entry_0e8342e31e0868df44e0,asset_8f0194c6aa176aa9bff1,DVIDS Video ID
entry_0f013a03b2234ab3b0a9,asset_9877727cd0d1bbfe16bd,PDF | Image Link
entry_0f9284b8db58704066e7,asset_6689897408b52de102b0,DVIDS Video ID
entry_0feab45ffad57f27a54d,asset_b1c6f5c4a7fbeee1859d,PDF | Image Link
entry_1138b8e2e13e953eab60,asset_88479e3245f9bf15392d,PDF | Image Link
entry_11ac4fb6dd04cfe1c6e4,asset_cc33e8c352fc80ce309f,PDF | Image Link
entry_11ad73ffdaededdc71b0,asset_2681dbf5da52e042d658,PDF | Image Link
entry_129b285089c174acde2d,asset_fb116547cbbf33d4f7b5,PDF | Image Link
entry_12ae84c00fb7edfbb493,asset_e79fbbee6e2ab8cebd0b,DVIDS Video ID
entry_133b2315e0d7cf6b1131,asset_07214d7d1343a4b4151b,PDF | Image Link
entry_13da6109b24f47208254,asset_9151e15016109463480f,PDF | Image Link
entry_14133ca687194a581b7f,asset_0542f4f067bf8f9c462e,DVIDS Video ID
entry_14d0cfcf8c9f0605cd17,asset_bb4a92ca76ebbda46f84,DVIDS Video ID
entry_14d461d6e914fea3ef59,asset_eba5ecb031e70caf075f,DVIDS Video ID
entry_16011b6672ef29e14c01,asset_67c2ef13cc69891ccdf9,PDF | Image Link
entry_16308024a23f97021c6f,asset_907982561e9075391759,PDF | Image Link
entry_1701c5f6cd14ccd1febd,asset_0a3ee07df37da75c3d5c,DVIDS Video ID
entry_17577da153eb9f2b9038,asset_a83dedef9d19fcb5879a,PDF | Image Link
entry_17c16402f5c3ee0a6270,asset_c568aea24f3aef31d546,PDF | Image Link
entry_17f8546b452ceaa699d9,asset_91887620fa8361e5b21e,PDF | Image Link
entry_186f0ec566d7ffe0d0ab,asset_a814dead4ae07667c59a,PDF | Image Link
entry_1ab82b9f4225830fefa8,asset_95fbfaa113d1acfbeb97,DVIDS Video ID
entry_1b7c81e3a451f3580f29,asset_eda0a3d37c6dbbc3391b,PDF | Image Link
entry_1b826439d99bea22598f,asset_f06dcba3ff0f7714cd8f,DVIDS Video ID
entry_1b9a50fc866674f8fcf1,asset_dde0879e3bd76d2594e1,DVIDS Video ID
entry_1bc4637d7e2c5fa70e56,asset_ad63a61ed36f167c57d5,PDF | Image Link
entry_1cce74750587ab8153bf,asset_aaafecbc47103f4b2460,PDF | Image Link
entry_1cf4739af4852da7cea4,asset_99c12a9c49a91750ef6b,PDF | Image Link
entry_1d3f0cbb70de604cec5a,asset_a8ec637d35fd011e2f48,PDF | Image Link
entry_1dcd06f090c48b04303c,asset_042b3e178a68a19cf15c,PDF | Image Link
entry_1e0ed6ef1a35075ac51a,asset_4f70a2e794c3885476e8,DVIDS Video ID
entry_1f1559e92d77af959192,asset_c15f361f3711bbb64f03,DVIDS Video ID
entry_21c064eecf29985d895a,asset_8c22358135a858244ead,PDF | Image Link
entry_238747a8e9ea8244ed7d,asset_43db2719407a789795ab,PDF | Image Link
entry_238747a8e9ea8244ed7d,asset_f1c5ef7693321ab945c2,DVIDS Video ID
entry_24ef18654cb272d7e723,asset_397fd1f1dcbc098a4681,DVIDS Video ID
entry_252f0d41585339b606ca,asset_649063bdf590db8b24e7,DVIDS Video ID
entry_25b25df82312e3c7b012,asset_0afe3cfea622505c7898,PDF | Image Link
entry_25f0a77c853be9248d79,asset_b7e6a8a9ac45903a0e40,DVIDS Video ID
entry_25f0a77c853be9248d79,asset_d8e5687dc870892d0b11,PDF | Image Link
entry_276d6b5ee0373cb99514,asset_ccb9a10f4d8b2c3d22b9,PDF | Image Link
entry_27e85cb414d0a5629ccb,asset_a4f1672d4f893c759148,PDF | Image Link
entry_2926c279c3af26d64f20,asset_9a6b5392d493743ccd3e,DVIDS Video ID
entry_293e2fc71396e060908a,asset_0be6babdc5eef0fd0d49,DVIDS Video ID
entry_293e2fc71396e060908a,asset_3746998b8c506e5c28ee,PDF | Image Link
entry_296b01113048830fa060,asset_cebee0155ce379250252,DVIDS Video ID
entry_29ec395b64313b72fbd7,asset_2873805fdb872968cff5,DVIDS Video ID
entry_29f20182fde37f674392,asset_b7e6a8a9ac45903a0e40,DVIDS Video ID
entry_29f20182fde37f674392,asset_d8e5687dc870892d0b11,PDF | Image Link
entry_2baf1571ee82a3090f22,asset_fb919d953dce38d2f24c,DVIDS Video ID
entry_2cafcb21386e70ab1c6c,asset_ef6784c1c6ae90528f7b,DVIDS Video ID
entry_2d33c164438ce52c00df,asset_df1c7dccaf35b1128577,DVIDS Video ID
entry_311c1f094b0451813752,asset_752f2613d9284df8f6a9,DVIDS Video ID
entry_3253a2a67e81f67c03ba,asset_cb59731fd6c0bff8fdd8,DVIDS Video ID
entry_32f79bc1bc61cc547721,asset_8e4cbdbd3583feba9c9f,PDF | Image Link
entry_33074b8ba49fe1454820,asset_44ab055b332029724ee6,DVIDS Video ID
entry_335997e4de6cc3e8559f,asset_cf19931bc3e5efda37dc,PDF | Image Link
entry_3392aca15255c9d5bd5d,asset_1e63919cc6c3daf43326,PDF | Image Link
entry_3417720dabb446f7456b,asset_819e725592d1ba7928e0,PDF | Image Link
entry_3445e6ec27fe263d4195,asset_3bac5ba8d435df9b3fc0,DVIDS Video ID
entry_348a45b88d6be099e6da,asset_ea1e7c4a981bdd8b1ab2,PDF | Image Link
entry_350c329b0aeb535daccd,asset_dc9f45a9ec6feb00256a,PDF | Image Link
entry_350d544f93f493cc5fca,asset_303ad110cb5fa8b403b5,PDF | Image Link
entry_35ab41c4b938ab305040,asset_b279eac8e49cf4fece98,PDF | Image Link
entry_3618a72ec55163a0a1c9,asset_b246c782b16be1686fe7,PDF | Image Link
entry_366f999e54d0354907b1,asset_09001c140b97a5db2f37,PDF | Image Link
entry_38226e927ee56e7ee162,asset_3573e64542b2ee2052f3,DVIDS Video ID
entry_3916963e4be0d4cdff24,asset_19d8e1d503211c84da48,PDF | Image Link
entry_3919f2504491b09c0a70,asset_e9207923ce6dbb8c6d50,DVIDS Video ID
entry_3a7efbcac6dc7269dd08,asset_7a47542be1be6d1fb352,PDF | Image Link
entry_3aeaa5ffd176e2cbf0f1,asset_6cbde76b3a5a28576a49,DVIDS Video ID
entry_3b76ccdf99bb73fed648,asset_cbb0859d18a9c5ee638d,DVIDS Video ID
entry_3ba530e4f0af5b279c49,asset_15d23b5f88df64fa3728,PDF | Image Link
entry_3beffbe3fdceae6cb046,asset_ccd932b4f40e8de71a73,PDF | Image Link
entry_3cd8ea001a3d4495ea96,asset_b60b84a66715204a4506,PDF | Image Link
entry_3ed72aececa7176d582e,asset_b17d8e2a1dcefb6c0a6d,DVIDS Video ID
entry_3f3439a6ea8d61e81c1e,asset_d9051a367ad0fcd3efa6,DVIDS Video ID
entry_3f3d83b24f72d1eb4936,asset_954d1e1944bc6d17c10f,PDF | Image Link
entry_4009abaf84512b8f7524,asset_fb6689598a0f627ce90f,DVIDS Video ID
entry_40842f0011723e9f8543,asset_662eb9fef6e109d2f26c,PDF | Image Link
entry_41154c5f9d18591b265f,asset_b0fa7140b0776b42a2a5,PDF | Image Link
entry_446aefea54cc74e94ebf,asset_d983745c9c3a47099a28,PDF | Image Link
entry_44f1f903e437d7208bf7,asset_71758de42a2df926a980,PDF | Image Link
entry_45480f17f8b90336f8f3,asset_bdf033d4a47eaad315e0,PDF | Image Link
entry_45c5d2f73baf0a5305d9,asset_e93f6997811954dc9abc,PDF | Image Link
entry_463e0e008b30f0a16251,asset_6058b5fa7922183531bc,PDF | Image Link
entry_467786750848c62af234,asset_1c2287cdf770e344b64b,PDF | Image Link
entry_46c8fbeb08ad187cdc21,asset_7d58f0cac741650a3fd1,PDF | Image Link
entry_471b5e5ae550e7a386b6,asset_48e4bc1bdb5a66e87979,PDF | Image Link
entry_474ae5c7eddf350eccd8,asset_4844321219e306af8703,PDF | Image Link
entry_479e3b24e7790c394913,asset_f8bd1f11b7a2ae487f38,PDF | Image Link
entry_47e944662bb693d95e84,asset_ad454ca6f67e0f2d42ca,DVIDS Video ID
entry_47fffd71a5cd0eb9a396,asset_34f3278ad20d348fba78,PDF | Image Link
entry_482c3c008d3505898893,asset_3deb237b1d68e203bbde,PDF | Image Link
entry_485c46fbfcb12bff2e14,asset_627c78c7c1f0aef75514,DVIDS Video ID
entry_48748f089a5d21c4bad0,asset_6bda02c546051f43aa4a,PDF | Image Link
entry_499a06d53317d7334053,asset_ce1c5ab4346245c3779b,DVIDS Video ID
entry_49d05ba238488efc60e4,asset_c304734c0435788709f0,PDF | Image Link
entry_4a0d69714ab926713cdd,asset_9f4bb9118bf4f43e1230,DVIDS Video ID
entry_4a18a3ec0711d06cd0ec,asset_8bb54e0aec5e91adfe61,PDF | Image Link
entry_4aad3a7cdd11b32f817f,asset_96f4d5e8c8f90ee509d6,PDF | Image Link
entry_4bee63ff3b6ea42c8412,asset_65ac8ab1ed9cf6a37a21,DVIDS Video ID
entry_4cb93586b3e4ee7daf39,asset_7fd3d2656cbc83a6c1b5,PDF | Image Link
entry_4d27baba778f981c00f4,asset_e2371ff7657d231eda08,PDF | Image Link
entry_4dd49b67a6d0d18cc584,asset_a0ec63eff6d4d6439b91,PDF | Image Link
entry_4de4e52f0c41f57e28e2,asset_7c0e38a8a433ebaaa3c6,PDF | Image Link
entry_4f4d2751e686865050ba,asset_da533c72f476d84f88f9,PDF | Image Link
entry_50a2e2279c4e92e0c591,asset_239d049dab8c81d50868,PDF | Image Link
entry_50b8fd4d590caf963ac2,asset_0a6e8d3efb5832a21978,DVIDS Video ID
entry_50b8fd4d590caf963ac2,asset_c1c59236394f7b144652,PDF | Image Link
entry_5168599f58ec0ad704c0,asset_a86f79c3de423c13befa,PDF | Image Link
entry_51b73d5a0a5cb1984542,asset_90a8c6493f04d6e31af1,PDF | Image Link
entry_521dc7ae2d7fcdf84f59,asset_2cd799fd0c70eda24dbc,PDF | Image Link
entry_56e64166a4c7d7602af1,asset_ce9a5971eec321e85d61,PDF | Image Link
entry_5720d3b0c9a171cd022c,asset_c97db00a65aa4abe775e,PDF | Image Link
entry_57e3724c4333599c652e,asset_e897e67f95bc1e1b5537,PDF | Image Link
entry_58594611794eaa0e8dd5,asset_4382ccbf2a39513d96ca,PDF | Image Link
entry_5961c06d8f2a8462f42a,asset_6d7faf71150107e94c22,PDF | Image Link
entry_5a9f9d6a1b103be8d3bb,asset_8e727ae36892cba907b9,PDF | Image Link
entry_5b20f85762b82eb6c219,asset_218e167fbd265d91fbc4,PDF | Image Link
entry_5b58214c21770d28fa7d,asset_57e9cc7f9942e2cf279f,PDF | Image Link
entry_5bec9719505f4a1b3221,asset_3b36f3dc3b51cf3bbabd,PDF | Image Link
entry_5c366c9f409feb825372,asset_338cd38e18cd12576f59,DVIDS Video ID
entry_5c366c9f409feb825372,asset_ea029a05470b8f4e9695,PDF | Image Link
entry_5d142ec912684ada6208,asset_67ab3ffef2aecf7080b4,PDF | Image Link
entry_5d89e84273e670449fa7,asset_8850ee21dde8d8c030d8,DVIDS Video ID
entry_5e65dc6afeb8fdc26372,asset_92b2d78bb19ee094ab85,PDF | Image Link
entry_5fb8b7d896b9b1c042a2,asset_ff30c985595153f3dc0c,PDF | Image Link
entry_60429881f03d7514c522,asset_64b4b5770a796616cdee,PDF | Image Link
entry_608354d6f1a7a88edfd6,asset_e418f6fe8d2a45952db3,PDF | Image Link
entry_622300eb0548df926266,asset_f667445a64dd8f98cc6b,DVIDS Video ID
entry_6335bcee3b617441a8ea,asset_2b98fd7cde9b31bc38aa,PDF | Image Link
entry_641a9cabe102ca51b58a,asset_0e40c556fc072f293949,PDF | Image Link
entry_643b514d91955be6b924,asset_d7538e35ff11c7d33f49,PDF | Image Link
entry_6575b01a6ffc64b1a8e8,asset_8156067f7ff4b98373ac,PDF | Image Link
entry_66872a1dc8877b5ebdf0,asset_16fcb501de623b9c39e8,PDF | Image Link
entry_66aad266cfd6ac0de1a8,asset_7838ea3bee6bd8a78acb,PDF | Image Link
entry_67ffd72fa1266e694c1b,asset_7bc9eea330e5677918f3,DVIDS Video ID
entry_6a0db17aa0f5b6f1be92,asset_573509d830f7acd8c050,DVIDS Video ID
entry_6ac340c387ddd1a41e9d,asset_b6fba2e0cdec0f09a339,DVIDS Video ID
entry_6b21c991cbc059481cfe,asset_1701a0f3077149210fb7,PDF | Image Link
entry_6b5489426f648dd17074,asset_f113d1c72339c22c8488,DVIDS Video ID
entry_6b9bd37f1f553731dd1d,asset_7490415b61026fa315d4,DVIDS Video ID
entry_6ba015e7d53a2d1e241e,asset_3ff42842ffa4456c7b4c,DVIDS Video ID
entry_6be1a0322cc6e8c57ae0,asset_26b02d358ec20061bdf8,PDF | Image Link
entry_6d0105d0e5e08b046043,asset_cbe3037af8974c9518b0,DVIDS Video ID
entry_6d0f11ca67329c23489d,asset_2fecc4f3b434e64d0d46,PDF | Image Link
entry_6d7caa1aa3a2eba8681f,asset_878ff82834953ea7852a,PDF | Image Link
entry_6e39fe6f64493a4ef09b,asset_76e85fd5c91c892e28e0,DVIDS Video ID
entry_6e3da72dff1ca434eca4,asset_a33faf4c40674462e28d,PDF | Image Link
entry_6e5fe26829e58bc3e298,asset_863aca11a6583675c34c,DVIDS Video ID
entry_6f4e5907aa60ee51d67b,asset_2fd3cd901c2fc8ddfb4c,DVIDS Video ID
entry_71a29e7f0829e912cbf6,asset_bcf2e688dfbc220debbf,PDF | Image Link
entry_72397cb9bde94cdbfaec,asset_4825c416e6afe55743fe,PDF | Image Link
entry_728df492b9d8afe12074,asset_78dc972c0c143d1ecf7a,PDF | Image Link
entry_731c16f60d5be7cc25e7,asset_af047a976bac0c89d0a4,PDF | Image Link
entry_738bb787bdf0381c5ae9,asset_c788c17e8cc322303867,PDF | Image Link
entry_738bb787bdf0381c5ae9,asset_f779c13eb6ad055001a3,DVIDS Video ID
entry_74a23c336609c9ecf5e7,asset_8533936c8107767b9770,PDF | Image Link
entry_74cdedb29ce1f851c84c,asset_a3f68d208681dc64c875,PDF | Image Link
entry_76ab822ea51a90b1d34a,asset_859cda8991e45dd75189,PDF | Image Link
entry_7836d84aa89ce5e97c8d,asset_aa89809b9e293f38a563,DVIDS Video ID
entry_7863ab1746bf02ddb63b,asset_fa24eb58219a8dff42b0,PDF | Image Link
entry_7aeb2f7fe07b10bdcecc,asset_8762d1c0548f870d39d3,DVIDS Video ID
entry_7aeb2f7fe07b10bdcecc,asset_88a20bf256ccce7a1205,PDF | Image Link
entry_7b22c519690e76235757,asset_464f81c988dcee9eff31,PDF | Image Link
entry_7b4d677b1092f3c1e561,asset_ea18e274b06b352ee1be,PDF | Image Link
entry_7c32d339f94fbb765194,asset_0f025bcbd048e7383044,PDF | Image Link
entry_7cc2a02f475bcfef37c4,asset_8475e7d66176c43922cf,DVIDS Video ID
entry_7cf65ec6a374a35076b0,asset_98a873861e250b9e73a2,PDF | Image Link
entry_7d60ad5b72723f8e7cc1,asset_9e677b86976853111ba1,PDF | Image Link
entry_7d8033080a7c69283cd8,asset_2b947223739f5bd4108a,PDF | Image Link
entry_7dce8ff6e8daf04d30a6,asset_da4f5a66f5067e913836,DVIDS Video ID
entry_7eb69bfdae172df50b6a,asset_765a28effad5ab93c9e5,PDF | Image Link
entry_7fb4bdca207c9724a3a2,asset_f6d9556247ebeb2dedb7,PDF | Image Link
entry_8113346343b7958b6520,asset_5847028ebb855cf8c4c5,PDF | Image Link
entry_821fe75f6dbdedc93deb,asset_3d997955e4d286271707,DVIDS Video ID
entry_87ce4cd66bf4d90fb602,asset_498e116b27257bb2d083,DVIDS Video ID
entry_87ce4cd66bf4d90fb602,asset_9961adf6adf1010b38d3,PDF | Image Link
entry_88569398dbea5f1e98ed,asset_24f4178ed9082f2ce7ba,PDF | Image Link
entry_8869ad2705017ba728b7,asset_31e358b5865ba343a657,DVIDS Video ID
entry_88c116bd961157c7ef25,asset_c920c38ffb7d9e9c70b8,DVIDS Video ID
entry_895a0a20795a2baef864,asset_498e116b27257bb2d083,DVIDS Video ID
entry_895a0a20795a2baef864,asset_9961adf6adf1010b38d3,PDF | Image Link
entry_8a4f80c68af4fb1093b2,asset_a3672ccd47d5503a150d,PDF | Image Link
entry_8ab7c138316f202a6888,asset_c142741e8cafc65997d6,PDF | Image Link
entry_8cbd9ba356f930b8fa15,asset_3893e5d0279db3b16a01,PDF | Image Link
entry_8cbd9ba356f930b8fa15,asset_f667445a64dd8f98cc6b,DVIDS Video ID
entry_8d9455b3bf9fd154a107,asset_298f24fde4ba76c91e7e,DVIDS Video ID
entry_8e168d34328be33a30d1,asset_ed47f0c794967c399b6c,DVIDS Video ID
entry_8ee0a94c9eeda67565c8,asset_c48c078b811c0fd7250d,PDF | Image Link
entry_8f23352a04f8060d748f,asset_df43a479bc891969025b,PDF | Image Link
entry_8f47a4220f5f4e2efda3,asset_979639dbe92470694fce,PDF | Image Link
entry_9063155cb4faed5d2f97,asset_cebee0155ce379250252,DVIDS Video ID
entry_908beeb6625f5a361c34,asset_db390eba790bd5cd713d,PDF | Image Link
entry_916e852fdbbda20146c6,asset_aecd8054e65487a46d3d,DVIDS Video ID
entry_91b223863fe569c30741,asset_b77560f5f255a6618b11,PDF | Image Link
entry_928f485a35fece1e2581,asset_085c019c9899db9b639a,PDF | Image Link
entry_92bc15d48b7bb67a1850,asset_bf64efe28f232d4f5c7e,DVIDS Video ID
entry_935e4f2643170865a884,asset_19b18b71420602c5d1cb,PDF | Image Link
entry_94f6e2769dc5e3929a9f,asset_c788c17e8cc322303867,PDF | Image Link
entry_94f6e2769dc5e3929a9f,asset_f779c13eb6ad055001a3,DVIDS Video ID
entry_950070a4882d5ecc4b12,asset_9e2c2621d67dde1245da,PDF | Image Link
entry_963da9a9cc4e9b384521,asset_774ebdca92c348929e63,PDF | Image Link
entry_96592578c40f1ee7d3cd,asset_4b68726be4af8ff92f2c,PDF | Image Link
entry_967db0e97d5dc3645e59,asset_f73953895630ccff9c39,DVIDS Video ID
entry_9716f65c658d1670e169,asset_d14e0371a5bf0f5e1b8d,PDF | Image Link
entry_98b3813d0d2e328bb9ce,asset_6b8b46e0dc1321c3e98e,DVIDS Video ID
entry_98bb9da6af40dd76cfe0,asset_b3cb1b38bffcb4eba8fb,PDF | Image Link
entry_98e071cb0533580e182a,asset_ba30b5fdb4f6d15309d0,PDF | Image Link
entry_9920d27a349af18b1398,asset_87a17be77dae3d9f43ef,PDF | Image Link
entry_99c4c236f44a44d5a42e,asset_8dfcf1050947c6d36de9,PDF | Image Link
entry_9b56deb144a6f73e9cd6,asset_d690556436face81cff7,DVIDS Video ID
entry_9b956a6417fc700d0173,asset_f6935b10dea56aa5d97a,PDF | Image Link
entry_9b9f1459d976d75c05c1,asset_076e3a3c73273efe4665,PDF | Image Link
entry_9c56e75f992eda30ab23,asset_81a3947abfb387afbbff,PDF | Image Link
entry_9c61b8b4d5ffd4f76640,asset_051a07582a23df10d75f,PDF | Image Link
entry_9c6bfae488a94d1f5a6c,asset_5d9d3147f0b62d0c9d1b,PDF | Image Link
entry_9cc51d5d66cd0c02e629,asset_b4e78f02769e4b70fc1d,DVIDS Video ID
entry_9cc72c1c18b64a746c49,asset_aa852359668905ee6cef,DVIDS Video ID
entry_9cd01437840449aa8e07,asset_bd9411951868bc3e665a,PDF | Image Link
entry_9d8501424d687341a5b1,asset_a417f61b2dbd671fae87,PDF | Image Link
entry_9e1da879c8df5f4a436b,asset_973c1f75f55d0d39dcf7,PDF | Image Link
entry_9e2df530cdb725853058,asset_38ee227f22a337728556,PDF | Image Link
entry_9e364b14b1b7f2ef6ad4,asset_a26dca837c646e0716ba,DVIDS Video ID
entry_9f6348b340c446e7f0fc,asset_fd8bfb9481bcbdd3a066,PDF | Image Link
entry_9faae0575db8e4ae1255,asset_8f354cf1d1f821f0de29,PDF | Image Link
entry_9fbc1e51d5b5423e2a92,asset_6ded7ef20ded84c7d0ea,PDF | Image Link
entry_a02c889bf3fc569a4bfd,asset_119385be986584c86319,DVIDS Video ID
entry_a27c40e4c79ca9a1f333,asset_71985f69c0cd6ddc78f7,DVIDS Video ID
entry_a33787eeca0c5059bc94,asset_5df2556a0bf6a0d410e4,DVIDS Video ID
entry_a3943d15d1d401379bbd,asset_17a8cc07fd8c694f974c,PDF | Image Link
entry_a51412da1f1293ecccde,asset_bbc494426d526bdcfa51,PDF | Image Link
entry_a54b878d89a401a65a0c,asset_42b04adcffd9554395e2,DVIDS Video ID
entry_a5bd1ad438141d42a7bc,asset_811e54fbf8cff4cc1c5a,PDF | Image Link
entry_a6b862640855f2eda152,asset_9317a6ea91f7425cc9ff,PDF | Image Link
entry_a776ccce4a77820bf77a,asset_0e3b3ec17a9ae021d21c,PDF | Image Link
entry_a8e0026b70232e667b11,asset_3a0d83f3e51179dbf64f,PDF | Image Link
entry_a935d8785a33c0bc13e3,asset_02fa613f216621499a96,PDF | Image Link
entry_aad00059a992a38a211a,asset_4cf7750d0dd1edd3e73d,PDF | Image Link
entry_ac7319d72c7e3490f0cb,asset_1b522e779e72877cac51,PDF | Image Link
entry_ac94d75cee546d2ce451,asset_42a4bda7a5d423f56571,DVIDS Video ID
entry_acf9247365eb67a54042,asset_48502ae871d53621000e,PDF | Image Link
entry_ad20f9f93fcad6061f74,asset_d33f29482d47785f502d,DVIDS Video ID
entry_ad59af9d44615688a44e,asset_3a5445e8aa7985d41d5e,PDF | Image Link
entry_af5647ce0e2cdc1e6ff1,asset_def4ea363f675aed71b6,DVIDS Video ID
entry_af57bab10c08c85e67da,asset_29f1035b2cdde6b763c2,PDF | Image Link
entry_b09f15f91be720f54814,asset_a5464aaf1bf664c828a9,DVIDS Video ID
entry_b0ec949962d1475e5897,asset_189c636246ca98e3e50d,DVIDS Video ID
entry_b50b28200c7906bc24d8,asset_93cbdaad1d4ac853bc5f,PDF | Image Link
entry_b5a79af369b8f35131d0,asset_c2961d7ccb95ae459a8f,PDF | Image Link
entry_b61e3cd42425f623c0c2,asset_205f9d0f627074c3d7c5,PDF | Image Link
entry_b719c5ad5ae4026b7bf4,asset_345b4aada19297b04187,DVIDS Video ID
entry_b7720fdd1edd0cdc6a6c,asset_06c5cecc4018786c6100,PDF | Image Link
entry_b7d4932852378f2c6596,asset_fad6007114b5eb63c9aa,PDF | Image Link
entry_b800a2e79163353b54d9,asset_7f82f2b52de25da1697a,DVIDS Video ID
entry_b80b97a10e2c1fb886ad,asset_213ab63a7aefa8fdbe6c,PDF | Image Link
entry_b87521b53790e138e373,asset_ad721de274bb7d6c1031,PDF | Image Link
entry_b87fc86c022974f62702,asset_83aa439781e60e7b45a9,PDF | Image Link
entry_b975b6bf5d762af2b83d,asset_86aefdb5f2538f9c129d,DVIDS Video ID
entry_b987989cfe022a64e147,asset_279f832719c777c40a2b,DVIDS Video ID
entry_b9b047b4fd41ee773124,asset_669dd29723dd423f683e,PDF | Image Link
entry_b9e6e8e4626675dd3874,asset_7c52c50b9b5157013c4a,DVIDS Video ID
entry_ba170d5a8946608d1409,asset_0f469fcf6fb428756b05,PDF | Image Link
entry_ba254852d6edaaf830a7,asset_4ea340f612c3f8c2f094,PDF | Image Link
entry_ba9fbf0772acdbfba087,asset_b359f0eeb1b82342fbb9,DVIDS Video ID
entry_bacaf0f1b2fe164aa90d,asset_d004ede8668351c2179a,DVIDS Video ID
entry_bb535da4bed6cb463196,asset_a656bd6cde8fafbf9996,DVIDS Video ID
entry_bc7ad60769463515f841,asset_04b9179a7637d6ada70b,PDF | Image Link
entry_bc9d4e3655af100d5f38,asset_7b4e9de684848cfca5bd,DVIDS Video ID
entry_bcc2cdfa22e7b020c61b,asset_b869fd5353d5c853cda5,PDF | Image Link
entry_bd1a36ff423982e37ce3,asset_5a1026673150b72f6631,PDF | Image Link
entry_bdda80c3a7ad8de7857e,asset_6fc6419676926f1306f1,PDF | Image Link
entry_bde92365628e37026666,asset_36bcfe2cfb5f3f549700,PDF | Image Link
entry_c04d163c0f16fc99f392,asset_c8d89f235e4879614862,PDF | Image Link
entry_c167f46c1e3ad3bd4499,asset_fc9cb08cad327063e528,PDF | Image Link
entry_c195cb38304e07f3f844,asset_e5ede8284877900c4da4,DVIDS Video ID
entry_c2ab144b840838365260,asset_0be6babdc5eef0fd0d49,DVIDS Video ID
entry_c2ab144b840838365260,asset_3746998b8c506e5c28ee,PDF | Image Link
entry_c3030e7606adc33d66b6,asset_b03309df6758ab151e37,PDF | Image Link
entry_c323a1817effcec72b99,asset_3b9b39e2c0b96e9f9766,DVIDS Video ID
entry_c3bf389e872c8963ec1a,asset_df252334c73a90198b01,PDF | Image Link
entry_c477c6dd70c5f5b95c48,asset_0d7a23b29e6de1bfbd83,PDF | Image Link
entry_c68a27411ae487e7d805,asset_7d1b50162c29378a9cbb,PDF | Image Link
entry_c74e86315733e00dadb1,asset_a3558c198522fb81c06d,DVIDS Video ID
entry_c83df3814986bd3b3b02,asset_9a3f23d9136eddf32121,PDF | Image Link
entry_c89eafffce3cec585afe,asset_2201422e542ed5975e33,PDF | Image Link
entry_c92536081c87f52f8bdd,asset_e1399422578d5d52b9d8,DVIDS Video ID
entry_c93e2a01378041237d4c,asset_9f269ad71cf402081379,DVIDS Video ID
entry_cb843acefe31604d9824,asset_b8b5b17a6d70ef3951ea,PDF | Image Link
entry_cc2311cc5826b95ad7b7,asset_9a0a2d62e9f47eb83a45,PDF | Image Link
entry_cde9a077250c1a081632,asset_4de77322d7611e8e54cd,DVIDS Video ID
entry_ce1b30c98a44487ca26a,asset_78312c1c607632c645ab,PDF | Image Link
entry_cf3ee849ca1585fed2c9,asset_f9b4db1e9dd87b9c2c7a,DVIDS Video ID
entry_cf917ee3d628d7d02903,asset_45588f73ddfaad6d3676,PDF | Image Link
entry_d041eb878b43e7564ff2,asset_af99c90708cccde09b29,DVIDS Video ID
entry_d07a43bfe7b1b557f22d,asset_d8e5687dc870892d0b11,PDF | Image Link
entry_d07a43bfe7b1b557f22d,asset_dbeab4ddae9393dae33a,DVIDS Video ID
entry_d10aec5b1eb9533dbbed,asset_58fcae1aa0e16efae6d7,DVIDS Video ID
entry_d3b746ec9c54067f14ea,asset_69b6a7094be5c5664803,DVIDS Video ID
entry_d3f35ab87501f7f72100,asset_b21122b1b7b2d953ee91,PDF | Image Link
entry_d4347cdd72eee00ae9c2,asset_613dc8ef961f9399742d,PDF | Image Link
entry_d60cdbc56f0ee98f6d96,asset_f85532f0514320be51b2,PDF | Image Link
entry_d6726c2a9f171471360b,asset_323b9443e6f5ea5650b7,PDF | Image Link
entry_d67799861ef3e5a9d2d5,asset_e7fea7724d1f2e54d386,DVIDS Video ID
entry_d6dfcf2f716b6cdf33d0,asset_e18cac08048b6c281196,PDF | Image Link
entry_d703a78ecf95ba7dcaa4,asset_784dc42f885dc12e161c,PDF | Image Link
entry_d80467cb9d0a2b3b0f25,asset_0b298cfc9c65a4d6a8e1,PDF | Image Link
entry_d85278e3a5e40829ef33,asset_338fc4617ee27454c721,DVIDS Video ID
entry_d949d1cec8d432e380e5,asset_88af6c836464e90636ad,DVIDS Video ID
entry_dafeabc8c0e3c9dff320,asset_a0f6663169c21cafc087,PDF | Image Link
entry_dcc987c55beec79cec47,asset_fab845f51c10fdc07bbd,PDF | Image Link
entry_dcdfea26372c113b7109,asset_0a6e8d3efb5832a21978,DVIDS Video ID
entry_dcdfea26372c113b7109,asset_c1c59236394f7b144652,PDF | Image Link
entry_dd10782452e234882fc7,asset_0aa52db3ec97c002c8b7,PDF | Image Link
entry_de0d948c554e9ee5deb6,asset_16acaeca6d7fe395c45b,DVIDS Video ID
entry_de32b8c74f815859ed09,asset_56bd12ff7be6f4eed78b,PDF | Image Link
entry_de6bcf3c481ea47553a9,asset_a14bb8678727f0c0649d,PDF | Image Link
entry_df56717e2870b9aceb56,asset_7be8e1bf34990b50496c,PDF | Image Link
entry_dfb3a079d9bc327a5991,asset_33cca99659328520a37d,PDF | Image Link
entry_dfc2cf450b77b52a9573,asset_fd8286ffc6fbc1fb3532,PDF | Image Link
entry_e06c1a7a5ccc9128bf64,asset_8bfd94484138d59b05e1,PDF | Image Link
entry_e0b40a8c17dfe7e74cda,asset_942f77cebc0a64c662f8,PDF | Image Link
entry_e0c1403e419ebf6d718e,asset_31064dd56886eae1f7a0,PDF | Image Link
entry_e13b616d3cdf57289fff,asset_265dfe9ae073885cdfc0,DVIDS Video ID
entry_e1fe97468ab3d7036488,asset_82fa4224a7d5cfd47548,DVIDS Video ID
entry_e205342c16cf8320e9f9,asset_e6d06ce60662cdcfb0cc,PDF | Image Link
entry_e2370c33c01c4f4f9a71,asset_7e0b4624ee81788ecc5f,PDF | Image Link
entry_e291631ce819848db129,asset_108379f8a86dbe9c6dc7,PDF | Image Link
entry_e4b81855e1e6e65ad046,asset_d1f561b646aaed40cfc2,PDF | Image Link
entry_e6c87ccd52edc1829e29,asset_43db2719407a789795ab,PDF | Image Link
entry_e6c87ccd52edc1829e29,asset_f1c5ef7693321ab945c2,DVIDS Video ID
entry_e84592b059f34acb1f65,asset_be226374e719c7292938,PDF | Image Link
entry_ea7d3544d12306a05eb5,asset_852224ee097b52cf0382,PDF | Image Link
entry_eab161c3b01920cfe0b5,asset_98c15751709565152a0c,PDF | Image Link
entry_eab1d626542ae2367ffd,asset_c373ebf77e63ad98924d,DVIDS Video ID
entry_eb5cc6bb5cb2f97e5832,asset_ed585fe68e3c4e7e7fcb,PDF | Image Link
entry_ec152807a8084e4ea23c,asset_387063c78161bc012aba,DVIDS Video ID
entry_ec20d9922b09b167e46d,asset_f42c11ca158aeffcb1a9,PDF | Image Link
entry_ece1ed9ebe0bfa243d06,asset_39c999bd61b2e20ff79a,PDF | Image Link
entry_ed4a23a9116382933633,asset_adf867b347d0d376ed84,PDF | Image Link
entry_ed950eea4fe4b57464b3,asset_260eb5f4eba61b6571ca,PDF | Image Link
entry_edf4e99a91ce27707366,asset_9a29545c1f63a11e94ad,DVIDS Video ID
entry_ee5a4836c63f61a74c4f,asset_626d8e51b2efc972932f,PDF | Image Link
entry_efcf8563cd11394c63b7,asset_c2da7eaaedbf533aecc0,PDF | Image Link
entry_f14d03b8c9269830be55,asset_d973d98ce1f1f8529f68,PDF | Image Link
entry_f1b1e13bad66e55117c2,asset_bcb9232007cbebf4002a,PDF | Image Link
entry_f2a248d43130809d89e8,asset_ee2b678cee71dee48447,DVIDS Video ID
entry_f329ea84b08b78ca5863,asset_8762d1c0548f870d39d3,DVIDS Video ID
entry_f329ea84b08b78ca5863,asset_88a20bf256ccce7a1205,PDF | Image Link
entry_f3703aab661eec0c2bcd,asset_877bd0069fd2a32b7386,DVIDS Video ID
entry_f37fd0216796dc92e850,asset_ea68acc35c1d0ec8b358,DVIDS Video ID
entry_f3ed348053f8754ef00a,asset_f14c52dafc50c6dc8c10,DVIDS Video ID
entry_f41d24f761f62356faaa,asset_95682875b29bf1c98e04,DVIDS Video ID
entry_f4ed727b4448be9b16f3,asset_8aba1dc72a19b94a5c94,PDF | Image Link
entry_f5508edbbdcb16873d38,asset_09ab9032c16fbaa28da3,PDF | Image Link
entry_f6058963dd5730e81f85,asset_338cd38e18cd12576f59,DVIDS Video ID
entry_f6058963dd5730e81f85,asset_ea029a05470b8f4e9695,PDF | Image Link
entry_f67a807e999e6c435344,asset_708e854d01c4830a8fe2,DVIDS Video ID
entry_f690111512a7634df4bd,asset_775d16ead1ec8fa13cf9,PDF | Image Link
entry_f7a1c2e2a804ec5e3f26,asset_535eff8dd0d9f0d6f812,DVIDS Video ID
entry_f7cd63fd6aa0c5dc3140,asset_505b154b067ebc3a2cc0,DVIDS Video ID
entry_f994509719c2d65d57c7,asset_e137343c7dac5ccd8e49,DVIDS Video ID
entry_fb1c683a5adb0cb2109e,asset_d7f72a4106a917f6399c,PDF | Image Link
entry_fb9f936906190f8c291c,asset_13f86e95aed5284034e2,PDF | Image Link
entry_fc01204ecb45c34a25f3,asset_5ecebc7c28a8d8c7aca0,PDF | Image Link
entry_fc345ab75eb77a55e896,asset_1c8e52398945143f9c2f,DVIDS Video ID
entry_fc345ab75eb77a55e896,asset_ea029a05470b8f4e9695,PDF | Image Link
entry_fd392406db7d74dc5d17,asset_24ccc8c57ca64ea5e25d,DVIDS Video ID
entry_fd392406db7d74dc5d17,asset_4555d94dd6067f57f341,PDF | Image Link
entry_fd469bf0e99f0a47a053,asset_63c47bad93af4c92e8d9,PDF | Image Link
entry_fdd30a12eb1dc38d2ad6,asset_5a487c793b488382cd35,PDF | Image Link
