pairing_id,source_entry_id,target_entry_id,source_field,raw_reference,resolution_rule
pair_00b58f2e40a57a199dd6,entry_0c2f003ad8b1da78404c,entry_3392aca15255c9d5bd5d,PDF Pairing,FBI Photo B001,exact_normalized_label
pair_0100a5ab682f3ad97e22,entry_f14d03b8c9269830be55,entry_f2a248d43130809d89e8,Video Pairing,DOW-UAP-PR120,exact_normalized_label
pair_015afa8ccf7f0d0f281d,entry_bde92365628e37026666,entry_0d8fcb89c8fb00abccfa,PDF Pairing,"ODNI-UAP-D001, USPER Narrative, Senior USIC Official",exact_normalized_label
pair_0354a6942dd7f05642c7,entry_b9e6e8e4626675dd3874,entry_3f3439a6ea8d61e81c1e,Video Pairing,DOW-UAP-PR127,exact_normalized_label
pair_03584e18f5719c9d233e,entry_ad59af9d44615688a44e,entry_0c2f003ad8b1da78404c,PDF Pairing,USPER Statement about UAP Sighting,exact_normalized_label
pair_037791355b328afe7489,entry_5c366c9f409feb825372,entry_f6058963dd5730e81f85,Video Pairing,PR-031,unique_portal_pr_shorthand
pair_0408aeab336b6886bd0d,entry_0d8fcb89c8fb00abccfa,entry_7d8033080a7c69283cd8,PDF Pairing,FBI Photo B012,exact_normalized_label
pair_0468baf572180dcc36c0,entry_608354d6f1a7a88edfd6,entry_efcf8563cd11394c63b7,PDF Pairing,DOW-UAP-D079,exact_normalized_label
pair_0595a3058fdd8816009e,entry_0d8fcb89c8fb00abccfa,entry_c68a27411ae487e7d805,PDF Pairing,FBI Photo B014,exact_normalized_label
pair_05d5ffef5ab1fc4cdbe8,entry_fb1c683a5adb0cb2109e,entry_e4b81855e1e6e65ad046,PDF Pairing,FBI-UAP-D019,exact_normalized_label
pair_0793ba3bd6c6bb7cc804,entry_0c2f003ad8b1da78404c,entry_8cbd9ba356f930b8fa15,PDF Pairing,FBI Photo A001,exact_normalized_label
pair_0807572d1aec91db25a7,entry_fb1c683a5adb0cb2109e,entry_ed950eea4fe4b57464b3,PDF Pairing,FBI-UAP-D018,exact_normalized_label
pair_0da98038706578f24e25,entry_a935d8785a33c0bc13e3,entry_e13b616d3cdf57289fff,Video Pairing,DOW-UAP-PR112,exact_normalized_label
pair_0ec674c309adc84abf60,entry_0c2f003ad8b1da78404c,entry_3417720dabb446f7456b,PDF Pairing,FBI Photo A008,exact_normalized_label
pair_0fae228a6d4351e7f039,entry_0c2f003ad8b1da78404c,entry_047251b1c03ba39746e3,PDF Pairing,FBI Photo B004,exact_normalized_label
pair_11e16881819e5a6b85de,entry_0c2f003ad8b1da78404c,entry_350c329b0aeb535daccd,PDF Pairing,FBI Photo B022,exact_normalized_label
pair_14a9faa94f27fa6c6b43,entry_d949d1cec8d432e380e5,entry_3919f2504491b09c0a70,Video Pairing,DOW-UAP-PR121,exact_normalized_label
pair_179312c30d3fb2d9b281,entry_8cbd9ba356f930b8fa15,entry_0c2f003ad8b1da78404c,PDF Pairing,USPER Statement about UAP Sighting,exact_normalized_label
pair_179cb61254de3d946cf2,entry_0d8fcb89c8fb00abccfa,entry_d4347cdd72eee00ae9c2,PDF Pairing,FBI Photo A005,exact_normalized_label
pair_180f2317191281c530ad,entry_51b73d5a0a5cb1984542,entry_11ad73ffdaededdc71b0,PDF Pairing,NASA-UAP-D030,exact_normalized_label
pair_1817cbace17d8fdb2d6a,entry_335997e4de6cc3e8559f,entry_09ff9a4916893c28f38d,PDF Pairing,Western US Event,exact_normalized_label
pair_1845f216b695388b829c,entry_0177dbb4d82c0471a1d9,entry_cde9a077250c1a081632,Video Pairing,DOW-UAP-PR117,exact_normalized_label
pair_193d3b82c2ff096db4e0,entry_5d142ec912684ada6208,entry_0d8fcb89c8fb00abccfa,PDF Pairing,"ODNI-UAP-D001, USPER Narrative, Senior USIC Official",exact_normalized_label
pair_197982e9824087472145,entry_b50b28200c7906bc24d8,entry_0d8fcb89c8fb00abccfa,PDF Pairing,"ODNI-UAP-D001, USPER Narrative, Senior USIC Official",exact_normalized_label
pair_1a053a3b3596d62fcdb3,entry_f14d03b8c9269830be55,entry_d949d1cec8d432e380e5,Video Pairing,DOW-UAP-PR119,exact_normalized_label
pair_1a96ecfeaa869d0540a4,entry_003dca02286e780af10f,entry_b9e6e8e4626675dd3874,Video Pairing,DOW-UAP-PR124,exact_normalized_label
pair_1af75b9963a4be6ca9f3,entry_9920d27a349af18b1398,entry_b7720fdd1edd0cdc6a6c,PDF Pairing,FBI-UAP-D041,exact_normalized_label
pair_1be9ea65ef40eeaaa8b2,entry_0d8fcb89c8fb00abccfa,entry_dfc2cf450b77b52a9573,PDF Pairing,FBI Photo B009,exact_normalized_label
pair_1d67e9d55bf08ddb5301,entry_d67799861ef3e5a9d2d5,entry_f2a248d43130809d89e8,Video Pairing,DOW-UAP-PR120,exact_normalized_label
pair_1e17873ecb2001f2f05e,entry_66872a1dc8877b5ebdf0,entry_0d8fcb89c8fb00abccfa,PDF Pairing,"ODNI-UAP-D001, USPER Narrative, Senior USIC Official",exact_normalized_label
pair_1e311cb5d1084363db07,entry_09ff9a4916893c28f38d,entry_efcf8563cd11394c63b7,Video Pairing,DOW-UAP-D079,exact_normalized_label
pair_1ebb401ed43bd524b14a,entry_98bb9da6af40dd76cfe0,entry_8f47a4220f5f4e2efda3,PDF Pairing,FBI-UAP-D029,exact_normalized_label
pair_1f7ad31c921656d99021,entry_0c2f003ad8b1da78404c,entry_8ab7c138316f202a6888,PDF Pairing,FBI Photo A007,exact_normalized_label
pair_1ff4bcb16c9ad94aa36c,entry_047251b1c03ba39746e3,entry_0d8fcb89c8fb00abccfa,PDF Pairing,"ODNI-UAP-D001, USPER Narrative, Senior USIC Official",exact_normalized_label
pair_1ff8e89197d1ef14946c,entry_11ad73ffdaededdc71b0,entry_133b2315e0d7cf6b1131,PDF Pairing,NASA-UAP-D032,exact_normalized_label
pair_210a1d4cb4972837cab0,entry_1138b8e2e13e953eab60,entry_09ff9a4916893c28f38d,PDF Pairing,Western US Event,exact_normalized_label
pair_214fdfb960e339b75fca,entry_0d8fcb89c8fb00abccfa,entry_35ab41c4b938ab305040,PDF Pairing,FBI Photo B006,exact_normalized_label
pair_216f37e05f508281ac9e,entry_0177dbb4d82c0471a1d9,entry_d949d1cec8d432e380e5,Video Pairing,DOW-UAP-PR119,exact_normalized_label
pair_220db90a09a2fb96f968,entry_8ab7c138316f202a6888,entry_0c2f003ad8b1da78404c,PDF Pairing,USPER Statement about UAP Sighting,exact_normalized_label
pair_2244cd31025ce1421066,entry_49d05ba238488efc60e4,entry_0c2f003ad8b1da78404c,PDF Pairing,USPER Statement about UAP Sighting,exact_normalized_label
pair_24a401f4487c02785a15,entry_0c2f003ad8b1da78404c,entry_3916963e4be0d4cdff24,PDF Pairing,FBI Photo B011,exact_normalized_label
pair_24d047e2668add6e15ef,entry_3916963e4be0d4cdff24,entry_0c2f003ad8b1da78404c,PDF Pairing,USPER Statement about UAP Sighting,exact_normalized_label
pair_2563e5af4f58f4a2a393,entry_9fbc1e51d5b5423e2a92,entry_0d8fcb89c8fb00abccfa,PDF Pairing,"ODNI-UAP-D001, USPER Narrative, Senior USIC Official",exact_normalized_label
pair_267dbc7019168c754a50,entry_f5508edbbdcb16873d38,entry_348a45b88d6be099e6da,PDF Pairing,EOP-UAP-D001,exact_normalized_label
pair_26c97a76d6a7f8e89ae3,entry_f6058963dd5730e81f85,entry_0b40f110c793d283da09,Video Pairing,PR-032,unique_portal_pr_shorthand
pair_278fe0895bfe190f6db3,entry_0177dbb4d82c0471a1d9,entry_d67799861ef3e5a9d2d5,Video Pairing,DOW-UAP-PR118,exact_normalized_label
pair_28010c17ebefc9793761,entry_0c2f003ad8b1da78404c,entry_17c16402f5c3ee0a6270,PDF Pairing,FBI Photo B018,exact_normalized_label
pair_281b753dab08aa36110e,entry_0d8fcb89c8fb00abccfa,entry_350c329b0aeb535daccd,PDF Pairing,FBI Photo B022,exact_normalized_label
pair_282c4d47764ab2ff06d7,entry_fc345ab75eb77a55e896,entry_0b40f110c793d283da09,Video Pairing,PR-032,unique_portal_pr_shorthand
pair_2885817713fef1353ec5,entry_d949d1cec8d432e380e5,entry_cde9a077250c1a081632,Video Pairing,DOW-UAP-PR117,exact_normalized_label
pair_2aad42ad2dc972dd1682,entry_0c2f003ad8b1da78404c,entry_ad59af9d44615688a44e,PDF Pairing,FBI Photo B015,exact_normalized_label
pair_2b1d5330715e2dc57992,entry_a27c40e4c79ca9a1f333,entry_6d0105d0e5e08b046043,Video Pairing,DOW-UAP-PR126,exact_normalized_label
pair_2d16dfcc045c80906330,entry_0d8fcb89c8fb00abccfa,entry_0c2f003ad8b1da78404c,PDF Pairing,USPER Statement about UAP Sighting,exact_normalized_label
pair_2db64128a101c48b350d,entry_0c2f003ad8b1da78404c,entry_dfc2cf450b77b52a9573,PDF Pairing,FBI Photo B009,exact_normalized_label
pair_2fca69bd68cff77794fa,entry_25f0a77c853be9248d79,entry_29f20182fde37f674392,PDF Pairing,DoW-UAP-D023,exact_normalized_label
pair_2fce0f1b879d1c23a70f,entry_09ff9a4916893c28f38d,entry_5168599f58ec0ad704c0,Video Pairing,FBI-UAP-D017,exact_normalized_label
pair_30e580b3b55948934afb,entry_fb1c683a5adb0cb2109e,entry_cf917ee3d628d7d02903,PDF Pairing,FBI-UAP-D020,exact_normalized_label
pair_31730514fa128cd07eb4,entry_3beffbe3fdceae6cb046,entry_0c2f003ad8b1da78404c,PDF Pairing,USPER Statement about UAP Sighting,exact_normalized_label
pair_31bd665d195937e9da23,entry_0c2f003ad8b1da78404c,entry_45480f17f8b90336f8f3,PDF Pairing,FBI Photo B020,exact_normalized_label
pair_31d9ab47fcd8f3f63673,entry_f2a248d43130809d89e8,entry_d949d1cec8d432e380e5,Video Pairing,DOW-UAP-PR119,exact_normalized_label
pair_3269b18afc6bb1df31d9,entry_b7720fdd1edd0cdc6a6c,entry_5720d3b0c9a171cd022c,PDF Pairing,FBI-UAP-D040,exact_normalized_label
pair_32d15ab9d8a2199be3dc,entry_0c2f003ad8b1da78404c,entry_5bec9719505f4a1b3221,PDF Pairing,FBI Photo B016,exact_normalized_label
pair_32d2705ad29f9bb91cae,entry_0d8fcb89c8fb00abccfa,entry_b50b28200c7906bc24d8,PDF Pairing,FBI Photo A003,exact_normalized_label
pair_33885740fa731b74af95,entry_a54b878d89a401a65a0c,entry_821fe75f6dbdedc93deb,Video Pairing,NASA-UAP-D026,exact_normalized_label
pair_344822b8b57e6a688ecd,entry_6ba015e7d53a2d1e241e,entry_276d6b5ee0373cb99514,PDF Pairing,DOW-UAP-D081,exact_normalized_label
pair_34b14c672d256aab947e,entry_dfc2cf450b77b52a9573,entry_0d8fcb89c8fb00abccfa,PDF Pairing,"ODNI-UAP-D001, USPER Narrative, Senior USIC Official",exact_normalized_label
pair_379452dfea4ee31dc3f2,entry_e13b616d3cdf57289fff,entry_a935d8785a33c0bc13e3,PDF Pairing,DOW-UAP-D090,exact_normalized_label
pair_37d4826bcb108ad744c1,entry_0c2f003ad8b1da78404c,entry_bde92365628e37026666,PDF Pairing,FBI Photo B005,exact_normalized_label
pair_3823040d6bf8f7386ed9,entry_9fbc1e51d5b5423e2a92,entry_0c2f003ad8b1da78404c,PDF Pairing,USPER Statement about UAP Sighting,exact_normalized_label
pair_383fe597cc5b81f5fdb7,entry_1dcd06f090c48b04303c,entry_3aeaa5ffd176e2cbf0f1,Video Pairing,DOW-UAP-PR106,exact_normalized_label
pair_3ae159e7db071c0568b5,entry_9d8501424d687341a5b1,entry_0d8fcb89c8fb00abccfa,PDF Pairing,"ODNI-UAP-D001, USPER Narrative, Senior USIC Official",exact_normalized_label
pair_3c20deeb94dceef357b2,entry_0d8fcb89c8fb00abccfa,entry_3916963e4be0d4cdff24,PDF Pairing,FBI Photo B011,exact_normalized_label
pair_3cfbd266e4deb2cca1e1,entry_09ff9a4916893c28f38d,entry_c167f46c1e3ad3bd4499,Video Pairing,FBI-UAP-D023,exact_normalized_label
pair_3dd471ab22337b0f0575,entry_fb1c683a5adb0cb2109e,entry_25b25df82312e3c7b012,PDF Pairing,FBI-UAP-D016,exact_normalized_label
pair_3f7570038780044c60f6,entry_0b40f110c793d283da09,entry_fc345ab75eb77a55e896,Video Pairing,PR-033,unique_portal_pr_shorthand
pair_40ed38ff741c3f9503cb,entry_479e3b24e7790c394913,entry_0d8fcb89c8fb00abccfa,PDF Pairing,"ODNI-UAP-D001, USPER Narrative, Senior USIC Official",exact_normalized_label
pair_4102c8360b535a47fca9,entry_dd10782452e234882fc7,entry_6b9bd37f1f553731dd1d,Video Pairing,FBI-UAP-PR007,exact_normalized_label
pair_418550752f5d8237551a,entry_ed4a23a9116382933633,entry_ba254852d6edaaf830a7,PDF Pairing,FBI-UAP-026,documented_alias
pair_42153d5e1e2b71250fc7,entry_aad00059a992a38a211a,entry_f1b1e13bad66e55117c2,PDF Pairing,FBI-UAP-D039,exact_normalized_label
pair_42356cf5d6627d390ff1,entry_7aeb2f7fe07b10bdcecc,entry_f329ea84b08b78ca5863,Video Pairing,PR-036,unique_portal_pr_shorthand
pair_45d7ffc5e9bbece6308f,entry_f14d03b8c9269830be55,entry_cde9a077250c1a081632,Video Pairing,DOW-UAP-PR117,exact_normalized_label
pair_466146c505d5c49bc2c3,entry_87ce4cd66bf4d90fb602,entry_895a0a20795a2baef864,Video Pairing,PR-023,unique_portal_pr_shorthand
pair_4729ac3bb559954be165,entry_0177dbb4d82c0471a1d9,entry_3919f2504491b09c0a70,Video Pairing,DOW-UAP-PR121,exact_normalized_label
pair_477fcee6951cc128c171,entry_5c366c9f409feb825372,entry_0b40f110c793d283da09,Video Pairing,PR-032,unique_portal_pr_shorthand
pair_48d59fdf9f8bc1446ded,entry_479e3b24e7790c394913,entry_0c2f003ad8b1da78404c,PDF Pairing,USPER Statement about UAP Sighting,exact_normalized_label
pair_4969bedfff10c34009d0,entry_738bb787bdf0381c5ae9,entry_94f6e2769dc5e3929a9f,Video Pairing,PR-035,unique_portal_pr_shorthand
pair_49a2e49ad32b9e2bb983,entry_0c2f003ad8b1da78404c,entry_479e3b24e7790c394913,PDF Pairing,FBI Photo B017,exact_normalized_label
pair_49d16a7611fc2ea52b79,entry_cf917ee3d628d7d02903,entry_fb1c683a5adb0cb2109e,PDF Pairing,DOW-UAP-D080,exact_normalized_label
pair_4a07caaf6b78cddcddcb,entry_09ff9a4916893c28f38d,entry_fb1c683a5adb0cb2109e,Video Pairing,DOW-UAP-D080,exact_normalized_label
pair_4ccc952c053df4af1152,entry_14d0cfcf8c9f0605cd17,entry_29ec395b64313b72fbd7,Video Pairing,NASA-UAP-D028,exact_normalized_label
pair_4cf78bf0ffed9229d89a,entry_0d8fcb89c8fb00abccfa,entry_49d05ba238488efc60e4,PDF Pairing,FBI Photo B021,exact_normalized_label
pair_4dbc1193d5d1f346a459,entry_047251b1c03ba39746e3,entry_0c2f003ad8b1da78404c,PDF Pairing,USPER Statement about UAP Sighting,exact_normalized_label
pair_4dcc151285fd9d29113d,entry_f2a248d43130809d89e8,entry_3919f2504491b09c0a70,Video Pairing,DOW-UAP-PR121,exact_normalized_label
pair_4ddca5776de2faad2035,entry_cde9a077250c1a081632,entry_0177dbb4d82c0471a1d9,Video Pairing,DOW-UAP-PR122,exact_normalized_label
pair_4ec35d55e765b787fad4,entry_276d6b5ee0373cb99514,entry_09ff9a4916893c28f38d,PDF Pairing,Western US Event,exact_normalized_label
pair_4f219752924f9ac9af45,entry_d67799861ef3e5a9d2d5,entry_cde9a077250c1a081632,Video Pairing,DOW-UAP-PR117,exact_normalized_label
pair_4f3d1378ee29e6dd1ee6,entry_09ff9a4916893c28f38d,entry_4dd49b67a6d0d18cc584,Video Pairing,FBI-UAP-D022,exact_normalized_label
pair_4fab871000366bdbb344,entry_c68a27411ae487e7d805,entry_0c2f003ad8b1da78404c,PDF Pairing,USPER Statement about UAP Sighting,exact_normalized_label
pair_512ab29dcf905cec6035,entry_98e071cb0533580e182a,entry_0c2f003ad8b1da78404c,PDF Pairing,USPER Statement about UAP Sighting,exact_normalized_label
pair_5174c87f17854dd9a172,entry_f7a1c2e2a804ec5e3f26,entry_88569398dbea5f1e98ed,PDF Pairing,DOW-UAP-D091,exact_normalized_label
pair_525fc45fa948b90c305c,entry_8ab7c138316f202a6888,entry_0d8fcb89c8fb00abccfa,PDF Pairing,"ODNI-UAP-D001, USPER Narrative, Senior USIC Official",exact_normalized_label
pair_52e41bb1f9a57ae58ef7,entry_0d8fcb89c8fb00abccfa,entry_8cbd9ba356f930b8fa15,PDF Pairing,FBI Photo A001,exact_normalized_label
pair_53422413682da65399d7,entry_ba254852d6edaaf830a7,entry_ed4a23a9116382933633,PDF Pairing,FBI-UAP-027,documented_alias
pair_54cbd415b459b70cc691,entry_d67799861ef3e5a9d2d5,entry_3919f2504491b09c0a70,Video Pairing,DOW-UAP-PR121,exact_normalized_label
pair_54ed8e297e58cb69a4e6,entry_cf917ee3d628d7d02903,entry_09ff9a4916893c28f38d,PDF Pairing,Western US Event,exact_normalized_label
pair_55da858ac3f07b1bed56,entry_a776ccce4a77820bf77a,entry_0c2f003ad8b1da78404c,PDF Pairing,USPER Statement about UAP Sighting,exact_normalized_label
pair_573b34fa6a7978d60623,entry_bc7ad60769463515f841,entry_0c2f003ad8b1da78404c,PDF Pairing,USPER Statement about UAP Sighting,exact_normalized_label
pair_57b7498e88a809ee83c7,entry_0d8fcb89c8fb00abccfa,entry_ad59af9d44615688a44e,PDF Pairing,FBI Photo B015,exact_normalized_label
pair_586b866745feb9f4c069,entry_0d8fcb89c8fb00abccfa,entry_3417720dabb446f7456b,PDF Pairing,FBI Photo A008,exact_normalized_label
pair_59055bc363d27f83d622,entry_3919f2504491b09c0a70,entry_0177dbb4d82c0471a1d9,Video Pairing,DOW-UAP-PR122,exact_normalized_label
pair_59601520dd5b140cb21a,entry_9b56deb144a6f73e9cd6,entry_09ff9a4916893c28f38d,PDF Pairing,Western US Event,exact_normalized_label
pair_598b15d774e2b86dcc74,entry_0d8fcb89c8fb00abccfa,entry_66872a1dc8877b5ebdf0,PDF Pairing,FBI Photo B013,exact_normalized_label
pair_5a2dbe8f12abc87f8647,entry_09ff9a4916893c28f38d,entry_ed950eea4fe4b57464b3,Video Pairing,FBI-UAP-D018,exact_normalized_label
pair_5b05a516a6936e366fd8,entry_0d8fcb89c8fb00abccfa,entry_a776ccce4a77820bf77a,PDF Pairing,FBI Photo B003,exact_normalized_label
pair_5c8b5ad3dd1d08fc98d7,entry_9920d27a349af18b1398,entry_5720d3b0c9a171cd022c,PDF Pairing,FBI-UAP-D040,exact_normalized_label
pair_5dcd24913f43a29cb3b1,entry_276d6b5ee0373cb99514,entry_6ba015e7d53a2d1e241e,Video Pairing,FBI-UAP-PR006,exact_normalized_label
pair_5e31d4c0dbbbdc2f927b,entry_1b7c81e3a451f3580f29,entry_0c2f003ad8b1da78404c,PDF Pairing,USPER Statement about UAP Sighting,exact_normalized_label
pair_5ed89d851edc7c566e6b,entry_7d8033080a7c69283cd8,entry_0c2f003ad8b1da78404c,PDF Pairing,USPER Statement about UAP Sighting,exact_normalized_label
pair_5f16846aea9a11815c68,entry_09ff9a4916893c28f38d,entry_608354d6f1a7a88edfd6,Video Pairing,FBI-UAP-D015,exact_normalized_label
pair_5f7016170ae2d476ae57,entry_09ff9a4916893c28f38d,entry_16308024a23f97021c6f,Video Pairing,DOW-UAP-D083,exact_normalized_label
pair_5f8345f0e848d4048b16,entry_0d8fcb89c8fb00abccfa,entry_8ab7c138316f202a6888,PDF Pairing,FBI Photo A007,exact_normalized_label
pair_633ab6bd24a28d1a155b,entry_fdd30a12eb1dc38d2ad6,entry_0d8fcb89c8fb00abccfa,PDF Pairing,"ODNI-UAP-D001, USPER Narrative, Senior USIC Official",exact_normalized_label
pair_641b830f9a1f0b5a3ffa,entry_49d05ba238488efc60e4,entry_0d8fcb89c8fb00abccfa,PDF Pairing,"ODNI-UAP-D001, USPER Narrative, Senior USIC Official",exact_normalized_label
pair_64bcf44c601934d97e6f,entry_6d0105d0e5e08b046043,entry_003dca02286e780af10f,Video Pairing,DOW-UAP-PR123,exact_normalized_label
pair_652bdf3ebfff1db8ae62,entry_485c46fbfcb12bff2e14,entry_66aad266cfd6ac0de1a8,PDF Pairing,FBI-UAP-D009,exact_normalized_label
pair_6593bf4f27931243f5ed,entry_0d8fcb89c8fb00abccfa,entry_17c16402f5c3ee0a6270,PDF Pairing,FBI Photo B018,exact_normalized_label
pair_66365b659aefc8609012,entry_1cce74750587ab8153bf,entry_e2370c33c01c4f4f9a71,PDF Pairing,DOE-UAP-D005,exact_normalized_label
pair_69ed375dcd1c31f1f8e6,entry_09ff9a4916893c28f38d,entry_e4b81855e1e6e65ad046,Video Pairing,FBI-UAP-D019,exact_normalized_label
pair_6a13764a0e46fabc74b0,entry_0cec1907397460d7a188,entry_60429881f03d7514c522,PDF Pairing,CIA-UAP-D023,exact_normalized_label
pair_6a5b5006849891d987f6,entry_3f3439a6ea8d61e81c1e,entry_a27c40e4c79ca9a1f333,Video Pairing,DOW-UAP-PR125,exact_normalized_label
pair_6be15257e5fae942dbf8,entry_463e0e008b30f0a16251,entry_09ff9a4916893c28f38d,PDF Pairing,Western US Event,exact_normalized_label
pair_6c7a93073e4e168df409,entry_fb1c683a5adb0cb2109e,entry_5168599f58ec0ad704c0,PDF Pairing,FBI-UAP-D017,exact_normalized_label
pair_6d92709b8a43c6f9ec2a,entry_a27c40e4c79ca9a1f333,entry_b9e6e8e4626675dd3874,Video Pairing,DOW-UAP-PR124,exact_normalized_label
pair_6e8127ac520e71e0077e,entry_0c2f003ad8b1da78404c,entry_d4347cdd72eee00ae9c2,PDF Pairing,FBI Photo A005,exact_normalized_label
pair_6efedcc65c6024e94493,entry_0c2f003ad8b1da78404c,entry_35ab41c4b938ab305040,PDF Pairing,FBI Photo B006,exact_normalized_label
pair_6f01f8405254a9530c84,entry_efcf8563cd11394c63b7,entry_608354d6f1a7a88edfd6,PDF Pairing,FBI-UAP-D015,exact_normalized_label
pair_7072c9c41bf987eec249,entry_3392aca15255c9d5bd5d,entry_0c2f003ad8b1da78404c,PDF Pairing,USPER Statement about UAP Sighting,exact_normalized_label
pair_70c957f7f58e728d6749,entry_446aefea54cc74e94ebf,entry_485c46fbfcb12bff2e14,Video Pairing,FBI-UAP-PR004,exact_normalized_label
pair_710342dfeeadd196f562,entry_ed950eea4fe4b57464b3,entry_09ff9a4916893c28f38d,PDF Pairing,Western US Event,exact_normalized_label
pair_710d0ad4205b1e4996cf,entry_25b25df82312e3c7b012,entry_fb1c683a5adb0cb2109e,PDF Pairing,DOW-UAP-D080,exact_normalized_label
pair_73fd2d6b71689ef97dbc,entry_b7720fdd1edd0cdc6a6c,entry_9920d27a349af18b1398,PDF Pairing,FBI-UAP-D042,exact_normalized_label
pair_7406a4fe15eb4ba2f31b,entry_731c16f60d5be7cc25e7,entry_0c2f003ad8b1da78404c,PDF Pairing,USPER Statement about UAP Sighting,exact_normalized_label
pair_75714bb0a87268fee111,entry_50b8fd4d590caf963ac2,entry_dcdfea26372c113b7109,Video Pairing,PR-019,unique_portal_pr_shorthand
pair_75dbb576029c8e22aecc,entry_d4347cdd72eee00ae9c2,entry_0d8fcb89c8fb00abccfa,PDF Pairing,"ODNI-UAP-D001, USPER Narrative, Senior USIC Official",exact_normalized_label
pair_7663179ae3c1365ec410,entry_e4b81855e1e6e65ad046,entry_fb1c683a5adb0cb2109e,PDF Pairing,DOW-UAP-D080,exact_normalized_label
pair_76b9b00785e7c1776b1f,entry_01acd3ac70fdb551c972,entry_fd392406db7d74dc5d17,Video Pairing,PR-022,unique_portal_pr_shorthand
pair_7723ba8b316093046a98,entry_d67799861ef3e5a9d2d5,entry_0177dbb4d82c0471a1d9,Video Pairing,DOW-UAP-PR122,exact_normalized_label
pair_7735c6da2c6ce659ab36,entry_293e2fc71396e060908a,entry_c2ab144b840838365260,Video Pairing,PR-034,unique_portal_pr_shorthand
pair_78efb304be1bec80c513,entry_0d8fcb89c8fb00abccfa,entry_731c16f60d5be7cc25e7,PDF Pairing,FBI Photo B010,exact_normalized_label
pair_79bac20bd3aac8329a27,entry_3f3439a6ea8d61e81c1e,entry_6d0105d0e5e08b046043,Video Pairing,DOW-UAP-PR126,exact_normalized_label
pair_79cea001eca5d65fc211,entry_7b22c519690e76235757,entry_32f79bc1bc61cc547721,PDF Pairing,FBI-UAP-D002,exact_normalized_label
pair_7a17c157465c4bc23cc8,entry_0c2f003ad8b1da78404c,entry_b50b28200c7906bc24d8,PDF Pairing,FBI Photo A003,exact_normalized_label
pair_7b3edca6e3277b2d5d53,entry_0c2f003ad8b1da78404c,entry_66872a1dc8877b5ebdf0,PDF Pairing,FBI Photo B013,exact_normalized_label
pair_7bed81bac79dceac8f78,entry_0c2f003ad8b1da78404c,entry_c477c6dd70c5f5b95c48,PDF Pairing,FBI Photo B008,exact_normalized_label
pair_7c47ad8c86fab7ae5f34,entry_1b7c81e3a451f3580f29,entry_0d8fcb89c8fb00abccfa,PDF Pairing,"ODNI-UAP-D001, USPER Narrative, Senior USIC Official",exact_normalized_label
pair_7cae6348eb5734b61f60,entry_6d0105d0e5e08b046043,entry_b9e6e8e4626675dd3874,Video Pairing,DOW-UAP-PR124,exact_normalized_label
pair_7d05e5047c7d0aab6633,entry_b9e6e8e4626675dd3874,entry_6d0105d0e5e08b046043,Video Pairing,DOW-UAP-PR126,exact_normalized_label
pair_7e271cb07bdb7064073b,entry_29f20182fde37f674392,entry_25f0a77c853be9248d79,Video Pairing,PR-026,unique_portal_pr_shorthand
pair_7f3f2683e2f6cf5c8964,entry_ed950eea4fe4b57464b3,entry_fb1c683a5adb0cb2109e,PDF Pairing,DOW-UAP-D080,exact_normalized_label
pair_7ff3a53a6831758a2c68,entry_f6058963dd5730e81f85,entry_fc345ab75eb77a55e896,Video Pairing,PR-033,unique_portal_pr_shorthand
pair_80c9621df2e455f113a7,entry_3f3439a6ea8d61e81c1e,entry_003dca02286e780af10f,Video Pairing,DOW-UAP-PR123,exact_normalized_label
pair_80cb523ae5381853e340,entry_3f3439a6ea8d61e81c1e,entry_b9e6e8e4626675dd3874,Video Pairing,DOW-UAP-PR124,exact_normalized_label
pair_81722ed19a6768205778,entry_e6c87ccd52edc1829e29,entry_238747a8e9ea8244ed7d,PDF Pairing,DoW-UAP-D014,exact_normalized_label
pair_82a769d99672e8fc1888,entry_5720d3b0c9a171cd022c,entry_b7720fdd1edd0cdc6a6c,PDF Pairing,FBI-UAP-D041,exact_normalized_label
pair_82bae41a0f8e808a16a8,entry_0c2f003ad8b1da78404c,entry_a776ccce4a77820bf77a,PDF Pairing,FBI Photo B003,exact_normalized_label
pair_84b86172f4e9a33558f0,entry_350c329b0aeb535daccd,entry_0d8fcb89c8fb00abccfa,PDF Pairing,"ODNI-UAP-D001, USPER Narrative, Senior USIC Official",exact_normalized_label
pair_850b3058081bc268ccf7,entry_66872a1dc8877b5ebdf0,entry_0c2f003ad8b1da78404c,PDF Pairing,USPER Statement about UAP Sighting,exact_normalized_label
pair_852c98c353d99d33bdbf,entry_5720d3b0c9a171cd022c,entry_9920d27a349af18b1398,PDF Pairing,FBI-UAP-D042,exact_normalized_label
pair_864446d90852e2396a74,entry_fb1c683a5adb0cb2109e,entry_c167f46c1e3ad3bd4499,PDF Pairing,FBI-UAP-D023,exact_normalized_label
pair_8754237a963f2420f5fd,entry_b9e6e8e4626675dd3874,entry_003dca02286e780af10f,Video Pairing,DOW-UAP-PR123,exact_normalized_label
pair_87fe7ac4f0eaf4437b6b,entry_dfc2cf450b77b52a9573,entry_0c2f003ad8b1da78404c,PDF Pairing,USPER Statement about UAP Sighting,exact_normalized_label
pair_882367b2017f11685bca,entry_d949d1cec8d432e380e5,entry_f2a248d43130809d89e8,Video Pairing,DOW-UAP-PR120,exact_normalized_label
pair_8885c0854c16dd511f1a,entry_0730c6c7dd137f452133,entry_6335bcee3b617441a8ea,PDF Pairing,CIA-UAP-D020,exact_normalized_label
pair_89eb1656829874c12d03,entry_0d8fcb89c8fb00abccfa,entry_45480f17f8b90336f8f3,PDF Pairing,FBI Photo B020,exact_normalized_label
pair_8a2e35d78cdec0bb421e,entry_0d8fcb89c8fb00abccfa,entry_3beffbe3fdceae6cb046,PDF Pairing,FBI Photo B007,exact_normalized_label
pair_8b5f8af5cf5f3c51c27b,entry_d07a43bfe7b1b557f22d,entry_29f20182fde37f674392,PDF Pairing,DoW-UAP-D023,exact_normalized_label
pair_8b92b50ebc7d52077116,entry_fc345ab75eb77a55e896,entry_f6058963dd5730e81f85,Video Pairing,PR-031,unique_portal_pr_shorthand
pair_8c98cbe22042e1752106,entry_3919f2504491b09c0a70,entry_d949d1cec8d432e380e5,Video Pairing,DOW-UAP-PR119,exact_normalized_label
pair_8d4b1cca034e8e643fb0,entry_3919f2504491b09c0a70,entry_d67799861ef3e5a9d2d5,Video Pairing,DOW-UAP-PR118,exact_normalized_label
pair_8e05a4e99dcfbe5cd5b4,entry_350c329b0aeb535daccd,entry_0c2f003ad8b1da78404c,PDF Pairing,USPER Statement about UAP Sighting,exact_normalized_label
pair_8e19f357cd63c19d990b,entry_0b40f110c793d283da09,entry_f6058963dd5730e81f85,Video Pairing,PR-031,unique_portal_pr_shorthand
pair_8e1dd5b85d81e9bc5475,entry_0c2f003ad8b1da78404c,entry_5d142ec912684ada6208,PDF Pairing,FBI Photo B002,exact_normalized_label
pair_8ea9d0ae137fc0f16076,entry_17c16402f5c3ee0a6270,entry_0c2f003ad8b1da78404c,PDF Pairing,USPER Statement about UAP Sighting,exact_normalized_label
pair_8ff333c1e64ac37be650,entry_11ad73ffdaededdc71b0,entry_51b73d5a0a5cb1984542,PDF Pairing,NASA-UAP-D031,exact_normalized_label
pair_91670465daa6c8247e59,entry_0d8fcb89c8fb00abccfa,entry_3392aca15255c9d5bd5d,PDF Pairing,FBI Photo B001,exact_normalized_label
pair_949b5d8b07507cc905ea,entry_7cf65ec6a374a35076b0,entry_f1b1e13bad66e55117c2,PDF Pairing,FBI-UAP-D039,exact_normalized_label
pair_94c20148a22445bcc036,entry_d4347cdd72eee00ae9c2,entry_0c2f003ad8b1da78404c,PDF Pairing,USPER Statement about UAP Sighting,exact_normalized_label
pair_950f100488561801cb1a,entry_0c2f003ad8b1da78404c,entry_3beffbe3fdceae6cb046,PDF Pairing,FBI Photo B007,exact_normalized_label
pair_95ce15015e68b9018760,entry_8cbd9ba356f930b8fa15,entry_0d8fcb89c8fb00abccfa,PDF Pairing,"ODNI-UAP-D001, USPER Narrative, Senior USIC Official",exact_normalized_label
pair_96977bb5b629a1e1e633,entry_9d8501424d687341a5b1,entry_0c2f003ad8b1da78404c,PDF Pairing,USPER Statement about UAP Sighting,exact_normalized_label
pair_96a64e4a476ee8589141,entry_3beffbe3fdceae6cb046,entry_0d8fcb89c8fb00abccfa,PDF Pairing,"ODNI-UAP-D001, USPER Narrative, Senior USIC Official",exact_normalized_label
pair_972ebaaa2e0880d063db,entry_09ff9a4916893c28f38d,entry_d6726c2a9f171471360b,Video Pairing,DOW-UAP-D078,exact_normalized_label
pair_97522195dca65669f568,entry_09ff9a4916893c28f38d,entry_cf917ee3d628d7d02903,Video Pairing,FBI-UAP-D020,exact_normalized_label
pair_97780015eda1876e20c4,entry_cde9a077250c1a081632,entry_3919f2504491b09c0a70,Video Pairing,DOW-UAP-PR121,exact_normalized_label
pair_98816e0784fb584193f9,entry_f5508edbbdcb16873d38,entry_e0b40a8c17dfe7e74cda,PDF Pairing,DOS-UAP-D002,exact_normalized_label
pair_9a3add56098f2dd41613,entry_60429881f03d7514c522,entry_0cec1907397460d7a188,PDF Pairing,CIA-UAP-D022,exact_normalized_label
pair_9a5d014811b5877a8e79,entry_e0b40a8c17dfe7e74cda,entry_348a45b88d6be099e6da,PDF Pairing,EOP-UAP-D001,exact_normalized_label
pair_9b45d1c24dd60a7b6ce4,entry_c68a27411ae487e7d805,entry_0d8fcb89c8fb00abccfa,PDF Pairing,"ODNI-UAP-D001, USPER Narrative, Senior USIC Official",exact_normalized_label
pair_9b4bf0ef8c633e6672a0,entry_463e0e008b30f0a16251,entry_efcf8563cd11394c63b7,PDF Pairing,DOW-UAP-D079,exact_normalized_label
pair_9bcb1170b3af3b4c8f75,entry_0c2f003ad8b1da78404c,entry_731c16f60d5be7cc25e7,PDF Pairing,FBI Photo B010,exact_normalized_label
pair_9c0d133807b599e1a710,entry_a776ccce4a77820bf77a,entry_0d8fcb89c8fb00abccfa,PDF Pairing,"ODNI-UAP-D001, USPER Narrative, Senior USIC Official",exact_normalized_label
pair_9ca716521a9321a650d4,entry_dcdfea26372c113b7109,entry_50b8fd4d590caf963ac2,PDF Pairing,DoW-UAP-D010,exact_normalized_label
pair_9f9020fad49616f8759b,entry_f2a248d43130809d89e8,entry_d67799861ef3e5a9d2d5,Video Pairing,DOW-UAP-PR118,exact_normalized_label
pair_a0c030b600a2a07f8a6c,entry_09ff9a4916893c28f38d,entry_276d6b5ee0373cb99514,Video Pairing,DOW-UAP-D081,exact_normalized_label
pair_a14322d91978735bd9b5,entry_3aeaa5ffd176e2cbf0f1,entry_1dcd06f090c48b04303c,PDF Pairing,DOW-UAP-D089,exact_normalized_label
pair_a14d96bf96ca07cbdf61,entry_25f0a77c853be9248d79,entry_d07a43bfe7b1b557f22d,Video Pairing,PR-027,unique_portal_pr_shorthand
pair_a1d64f7eaf38bd9707a2,entry_ce1b30c98a44487ca26a,entry_df56717e2870b9aceb56,PDF Pairing,FBI-UAP-D025,exact_normalized_label
pair_a247811c8fe793245bb2,entry_09ff9a4916893c28f38d,entry_25b25df82312e3c7b012,Video Pairing,FBI-UAP-D016,exact_normalized_label
pair_a295b412835706a8cd7f,entry_3392aca15255c9d5bd5d,entry_0d8fcb89c8fb00abccfa,PDF Pairing,"ODNI-UAP-D001, USPER Narrative, Senior USIC Official",exact_normalized_label
pair_a399c0e50902d71e3937,entry_0d8fcb89c8fb00abccfa,entry_bde92365628e37026666,PDF Pairing,FBI Photo B005,exact_normalized_label
pair_a42b6f69dff2992e0ff6,entry_0d8fcb89c8fb00abccfa,entry_9fbc1e51d5b5423e2a92,PDF Pairing,FBI Photo B024,exact_normalized_label
pair_a4508d647b1afcccc2dc,entry_0c2f003ad8b1da78404c,entry_7d8033080a7c69283cd8,PDF Pairing,FBI Photo B012,exact_normalized_label
pair_a4d7b9038c2da44120eb,entry_5c366c9f409feb825372,entry_fc345ab75eb77a55e896,Video Pairing,PR-033,unique_portal_pr_shorthand
pair_a56135ba9e76e7660b3c,entry_348a45b88d6be099e6da,entry_e0b40a8c17dfe7e74cda,PDF Pairing,DOS-UAP-D002,exact_normalized_label
pair_a58d89837d5d3e12461f,entry_efcf8563cd11394c63b7,entry_335997e4de6cc3e8559f,PDF Pairing,FBI-UAP-D021,exact_normalized_label
pair_a77080e7580b898d46b2,entry_35ab41c4b938ab305040,entry_0d8fcb89c8fb00abccfa,PDF Pairing,"ODNI-UAP-D001, USPER Narrative, Senior USIC Official",exact_normalized_label
pair_a7c1d3389ed2d7142131,entry_98e071cb0533580e182a,entry_0d8fcb89c8fb00abccfa,PDF Pairing,"ODNI-UAP-D001, USPER Narrative, Senior USIC Official",exact_normalized_label
pair_a8cbe4dc086d4d6fbb02,entry_efcf8563cd11394c63b7,entry_09ff9a4916893c28f38d,PDF Pairing,Western US Event,exact_normalized_label
pair_a9f093ee121bd4efc470,entry_fd392406db7d74dc5d17,entry_01acd3ac70fdb551c972,PDF Pairing,DoW-UAP-D016,exact_normalized_label
pair_aa391f735f6e2f384ec2,entry_ad59af9d44615688a44e,entry_0d8fcb89c8fb00abccfa,PDF Pairing,"ODNI-UAP-D001, USPER Narrative, Senior USIC Official",exact_normalized_label
pair_ab25eb738246c0dedf5d,entry_0d8fcb89c8fb00abccfa,entry_9d8501424d687341a5b1,PDF Pairing,FBI Photo B023,exact_normalized_label
pair_ac5eb6a2313523923516,entry_09ff9a4916893c28f38d,entry_335997e4de6cc3e8559f,Video Pairing,FBI-UAP-D021,exact_normalized_label
pair_ae72084b674403fd2efc,entry_88569398dbea5f1e98ed,entry_f7a1c2e2a804ec5e3f26,Video Pairing,DOW-UAP-PR116,exact_normalized_label
pair_b0c36af25eb80fe69781,entry_133b2315e0d7cf6b1131,entry_14d0cfcf8c9f0605cd17,PDF Pairing,NASA-UAP-D029,exact_normalized_label
pair_b1406130882de15482bb,entry_b9e6e8e4626675dd3874,entry_a27c40e4c79ca9a1f333,Video Pairing,DOW-UAP-PR125,exact_normalized_label
pair_b2d474414b4e15dd182f,entry_276d6b5ee0373cb99514,entry_9b56deb144a6f73e9cd6,Video Pairing,FBI-UAP-PR005,exact_normalized_label
pair_b318a0ff4afd18fe4d9f,entry_5d142ec912684ada6208,entry_0c2f003ad8b1da78404c,PDF Pairing,USPER Statement about UAP Sighting,exact_normalized_label
pair_b3704d4e5b990e33e35d,entry_0c2f003ad8b1da78404c,entry_0d8fcb89c8fb00abccfa,PDF Pairing,"ODNI-UAP-D001, USPER Narrative, Senior USIC Official",exact_normalized_label
pair_b4612078c5ef9d99c69a,entry_f2a248d43130809d89e8,entry_cde9a077250c1a081632,Video Pairing,DOW-UAP-PR117,exact_normalized_label
pair_b5621c7bcf91ace5452d,entry_17c16402f5c3ee0a6270,entry_0d8fcb89c8fb00abccfa,PDF Pairing,"ODNI-UAP-D001, USPER Narrative, Senior USIC Official",exact_normalized_label
pair_b56d1273eed84169ccec,entry_d07a43bfe7b1b557f22d,entry_25f0a77c853be9248d79,Video Pairing,PR-026,unique_portal_pr_shorthand
pair_b60c71639d74f56195d1,entry_0d8fcb89c8fb00abccfa,entry_479e3b24e7790c394913,PDF Pairing,FBI Photo B017,exact_normalized_label
pair_b67a8764d6a2a795af6f,entry_d949d1cec8d432e380e5,entry_0177dbb4d82c0471a1d9,Video Pairing,DOW-UAP-PR122,exact_normalized_label
pair_b71fefb5236e9cdf7ea6,entry_0d8fcb89c8fb00abccfa,entry_047251b1c03ba39746e3,PDF Pairing,FBI Photo B004,exact_normalized_label
pair_b771712e034f34fae989,entry_895a0a20795a2baef864,entry_87ce4cd66bf4d90fb602,PDF Pairing,DoW-UAP-D018,exact_normalized_label
pair_b8043720f1ac9514d92b,entry_c477c6dd70c5f5b95c48,entry_0d8fcb89c8fb00abccfa,PDF Pairing,"ODNI-UAP-D001, USPER Narrative, Senior USIC Official",exact_normalized_label
pair_b90993ebde92b3f703be,entry_94f6e2769dc5e3929a9f,entry_738bb787bdf0381c5ae9,PDF Pairing,DoW-UAP-D035,exact_normalized_label
pair_ba4ab14a803eb053074f,entry_aad00059a992a38a211a,entry_7cf65ec6a374a35076b0,PDF Pairing,FBI-UAP-D037,exact_normalized_label
pair_bbdb1bfca801518abd7d,entry_e4b81855e1e6e65ad046,entry_09ff9a4916893c28f38d,PDF Pairing,Western US Event,exact_normalized_label
pair_bc9839b017035834ff6d,entry_c477c6dd70c5f5b95c48,entry_0c2f003ad8b1da78404c,PDF Pairing,USPER Statement about UAP Sighting,exact_normalized_label
pair_be40b9c9137c93c49d76,entry_0c2f003ad8b1da78404c,entry_9fbc1e51d5b5423e2a92,PDF Pairing,FBI Photo B024,exact_normalized_label
pair_beb6937a797c1cbd9cb6,entry_485c46fbfcb12bff2e14,entry_446aefea54cc74e94ebf,PDF Pairing,FBI-UAP-D010,exact_normalized_label
pair_bf489c659bf70349eced,entry_fb1c683a5adb0cb2109e,entry_09ff9a4916893c28f38d,PDF Pairing,Western US Event,exact_normalized_label
pair_c03a41edb2a9321e8134,entry_d6726c2a9f171471360b,entry_09ff9a4916893c28f38d,PDF Pairing,Western US Event,exact_normalized_label
pair_c082e4b5454343d8298d,entry_4dd49b67a6d0d18cc584,entry_fb1c683a5adb0cb2109e,PDF Pairing,DOW-UAP-D080,exact_normalized_label
pair_c08315bc5fa532e4a53b,entry_0c2f003ad8b1da78404c,entry_49d05ba238488efc60e4,PDF Pairing,FBI Photo B021,exact_normalized_label
pair_c0e2ccbf28ca97b86bb3,entry_4aad3a7cdd11b32f817f,entry_908beeb6625f5a361c34,PDF Pairing,FBI-UAP-D031,exact_normalized_label
pair_c204158059ab848b686d,entry_0b40f110c793d283da09,entry_5c366c9f409feb825372,PDF Pairing,DoW-UAP-D032,exact_normalized_label
pair_c2688c8fbc357e23ef06,entry_0d8fcb89c8fb00abccfa,entry_5d142ec912684ada6208,PDF Pairing,FBI Photo B002,exact_normalized_label
pair_c37832635af53b1bdea6,entry_0d8fcb89c8fb00abccfa,entry_98e071cb0533580e182a,PDF Pairing,FBI Photo A002,exact_normalized_label
pair_c39a550e4bed61095d89,entry_446aefea54cc74e94ebf,entry_66aad266cfd6ac0de1a8,PDF Pairing,FBI-UAP-D009,exact_normalized_label
pair_c435ca9697a81dcd2bcb,entry_7d8033080a7c69283cd8,entry_0d8fcb89c8fb00abccfa,PDF Pairing,"ODNI-UAP-D001, USPER Narrative, Senior USIC Official",exact_normalized_label
pair_c4d2471634d0e0590927,entry_bc7ad60769463515f841,entry_0d8fcb89c8fb00abccfa,PDF Pairing,"ODNI-UAP-D001, USPER Narrative, Senior USIC Official",exact_normalized_label
pair_c52e65d528ca1ec9d866,entry_6d0105d0e5e08b046043,entry_3f3439a6ea8d61e81c1e,Video Pairing,DOW-UAP-PR127,exact_normalized_label
pair_c642c0c086e4cd5beeb7,entry_0d8fcb89c8fb00abccfa,entry_c477c6dd70c5f5b95c48,PDF Pairing,FBI Photo B008,exact_normalized_label
pair_c6c79b87ef085c8d6831,entry_0a2c7135abc19a35bf22,entry_09ff9a4916893c28f38d,PDF Pairing,Western US Event,exact_normalized_label
pair_c773ce5fbf975ec62baf,entry_6335bcee3b617441a8ea,entry_0730c6c7dd137f452133,PDF Pairing,CIA-UAP-D021,exact_normalized_label
pair_c89b0a313940ba405f74,entry_c2ab144b840838365260,entry_293e2fc71396e060908a,PDF Pairing,DoW-UAP-D033,exact_normalized_label
pair_c8edc7aac7ee7851956a,entry_908beeb6625f5a361c34,entry_4aad3a7cdd11b32f817f,PDF Pairing,FBI-UAP-D030,exact_normalized_label
pair_c91fe7ad5e9815e422a4,entry_f14d03b8c9269830be55,entry_0177dbb4d82c0471a1d9,Video Pairing,DOW-UAP-PR122,exact_normalized_label
pair_c9210a3b4cd3ffcbbf19,entry_45480f17f8b90336f8f3,entry_0c2f003ad8b1da78404c,PDF Pairing,USPER Statement about UAP Sighting,exact_normalized_label
pair_c9228299f0f38dc1ef1b,entry_09ff9a4916893c28f38d,entry_0a2c7135abc19a35bf22,Video Pairing,DOW-UAP-D082,exact_normalized_label
pair_c955e911a5169dc00460,entry_0d8fcb89c8fb00abccfa,entry_bc7ad60769463515f841,PDF Pairing,FBI Photo A004,exact_normalized_label
pair_c9f9e5c8e5b958555f41,entry_0c2f003ad8b1da78404c,entry_98e071cb0533580e182a,PDF Pairing,FBI Photo A002,exact_normalized_label
pair_ca6f33a286b8b33bf4b3,entry_51b73d5a0a5cb1984542,entry_133b2315e0d7cf6b1131,PDF Pairing,NASA-UAP-D032,exact_normalized_label
pair_cc5916db2c55dd931abf,entry_45480f17f8b90336f8f3,entry_0d8fcb89c8fb00abccfa,PDF Pairing,"ODNI-UAP-D001, USPER Narrative, Senior USIC Official",exact_normalized_label
pair_ccdcd367fd81f3a17936,entry_f14d03b8c9269830be55,entry_3919f2504491b09c0a70,Video Pairing,DOW-UAP-PR121,exact_normalized_label
pair_ce41b7c52baac0472b80,entry_29f20182fde37f674392,entry_d07a43bfe7b1b557f22d,Video Pairing,PR-027,unique_portal_pr_shorthand
pair_ce82fc6e2abaa9baf8de,entry_335997e4de6cc3e8559f,entry_efcf8563cd11394c63b7,PDF Pairing,DOW-UAP-D079,exact_normalized_label
pair_d33f563512f051136fa7,entry_4dd49b67a6d0d18cc584,entry_09ff9a4916893c28f38d,PDF Pairing,Western US Event,exact_normalized_label
pair_d3432917ebb02e786361,entry_003dca02286e780af10f,entry_3f3439a6ea8d61e81c1e,Video Pairing,DOW-UAP-PR127,exact_normalized_label
pair_d624e6ac6a7d5c0d9d7f,entry_f2a248d43130809d89e8,entry_0177dbb4d82c0471a1d9,Video Pairing,DOW-UAP-PR122,exact_normalized_label
pair_d6c85f89e42e664eb91f,entry_d67799861ef3e5a9d2d5,entry_d949d1cec8d432e380e5,Video Pairing,DOW-UAP-PR119,exact_normalized_label
pair_d7056400f27b584e7195,entry_3916963e4be0d4cdff24,entry_0d8fcb89c8fb00abccfa,PDF Pairing,"ODNI-UAP-D001, USPER Narrative, Senior USIC Official",exact_normalized_label
pair_d74b1a3c4c145b405e29,entry_238747a8e9ea8244ed7d,entry_e6c87ccd52edc1829e29,Video Pairing,PR-021,unique_portal_pr_shorthand
pair_d962da3963f6e00f6508,entry_df56717e2870b9aceb56,entry_ce1b30c98a44487ca26a,PDF Pairing,FBI-UAP-024,documented_alias
pair_d9900ed24e1e181dae0e,entry_a27c40e4c79ca9a1f333,entry_3f3439a6ea8d61e81c1e,Video Pairing,DOW-UAP-PR127,exact_normalized_label
pair_d9ca0b10c0d70b45210a,entry_cde9a077250c1a081632,entry_d949d1cec8d432e380e5,Video Pairing,DOW-UAP-PR119,exact_normalized_label
pair_d9f5544d19f8ca327b36,entry_fc345ab75eb77a55e896,entry_5c366c9f409feb825372,PDF Pairing,DoW-UAP-D032,exact_normalized_label
pair_dbe6dc899c0d23112898,entry_66aad266cfd6ac0de1a8,entry_485c46fbfcb12bff2e14,Video Pairing,FBI-UAP-PR004,exact_normalized_label
pair_df3e7172416da9052fb0,entry_6d0105d0e5e08b046043,entry_a27c40e4c79ca9a1f333,Video Pairing,DOW-UAP-PR125,exact_normalized_label
pair_df5c30006e0da0c683c9,entry_f1b1e13bad66e55117c2,entry_aad00059a992a38a211a,PDF Pairing,FBI-UAP-D038,exact_normalized_label
pair_dfc5cea90cfe41307d08,entry_0d8fcb89c8fb00abccfa,entry_1b7c81e3a451f3580f29,PDF Pairing,FBI Photo B019,exact_normalized_label
pair_dfce92092f11ff584b8c,entry_fdd30a12eb1dc38d2ad6,entry_0c2f003ad8b1da78404c,PDF Pairing,USPER Statement about UAP Sighting,exact_normalized_label
pair_dfeb174dd23687b8e3c5,entry_f14d03b8c9269830be55,entry_d67799861ef3e5a9d2d5,Video Pairing,DOW-UAP-PR118,exact_normalized_label
pair_e027cffe58baed104ceb,entry_8f47a4220f5f4e2efda3,entry_98bb9da6af40dd76cfe0,PDF Pairing,FBI-UAP-D028,exact_normalized_label
pair_e1339600da56aedbf81c,entry_f1b1e13bad66e55117c2,entry_7cf65ec6a374a35076b0,PDF Pairing,FBI-UAP-D037,exact_normalized_label
pair_e1ac66cd3308cd67a3d1,entry_16308024a23f97021c6f,entry_09ff9a4916893c28f38d,PDF Pairing,Western US Event,exact_normalized_label
pair_e1d41799070d1fc17518,entry_6ba015e7d53a2d1e241e,entry_09ff9a4916893c28f38d,PDF Pairing,Western US Event,exact_normalized_label
pair_e204717adeffba05c9fd,entry_3417720dabb446f7456b,entry_0d8fcb89c8fb00abccfa,PDF Pairing,"ODNI-UAP-D001, USPER Narrative, Senior USIC Official",exact_normalized_label
pair_e22b479f5792294b371a,entry_0c2f003ad8b1da78404c,entry_1b7c81e3a451f3580f29,PDF Pairing,FBI Photo B019,exact_normalized_label
pair_e24e5a662abc50854937,entry_fb1c683a5adb0cb2109e,entry_4dd49b67a6d0d18cc584,PDF Pairing,FBI-UAP-D022,exact_normalized_label
pair_e2c64e61e6d9067085d6,entry_66aad266cfd6ac0de1a8,entry_446aefea54cc74e94ebf,PDF Pairing,FBI-UAP-D010,exact_normalized_label
pair_e2d93567eff097f147fa,entry_f329ea84b08b78ca5863,entry_7aeb2f7fe07b10bdcecc,PDF Pairing,DoW-UAP-D038,exact_normalized_label
pair_e2e1b43bdd331fca9f43,entry_5bec9719505f4a1b3221,entry_0c2f003ad8b1da78404c,PDF Pairing,USPER Statement about UAP Sighting,exact_normalized_label
pair_e2f0bbc5eafbf3f44207,entry_5168599f58ec0ad704c0,entry_fb1c683a5adb0cb2109e,PDF Pairing,DOW-UAP-D080,exact_normalized_label
pair_e30c9a513c4d1f9ee9eb,entry_3417720dabb446f7456b,entry_0c2f003ad8b1da78404c,PDF Pairing,USPER Statement about UAP Sighting,exact_normalized_label
pair_e3124b51a49c0a10e0e8,entry_5bec9719505f4a1b3221,entry_0d8fcb89c8fb00abccfa,PDF Pairing,"ODNI-UAP-D001, USPER Narrative, Senior USIC Official",exact_normalized_label
pair_e38e76e0ae7d84f0a1ba,entry_348a45b88d6be099e6da,entry_f5508edbbdcb16873d38,PDF Pairing,DOS-UAP-D001,exact_normalized_label
pair_e3af8f580ea9952604db,entry_6b9bd37f1f553731dd1d,entry_dd10782452e234882fc7,PDF Pairing,FBI-UAP-D032,exact_normalized_label
pair_e42e76368c0e35d7477a,entry_e2370c33c01c4f4f9a71,entry_1cce74750587ab8153bf,PDF Pairing,DOE-UAP-D001,exact_normalized_label
pair_e4e6a2102d2445a53c5e,entry_821fe75f6dbdedc93deb,entry_a54b878d89a401a65a0c,Video Pairing,NASA-UAP-D027,exact_normalized_label
pair_e5e177cd1b0cc45f5edf,entry_5168599f58ec0ad704c0,entry_09ff9a4916893c28f38d,PDF Pairing,Western US Event,exact_normalized_label
pair_e638792d19748dfe5c44,entry_0177dbb4d82c0471a1d9,entry_f2a248d43130809d89e8,Video Pairing,DOW-UAP-PR120,exact_normalized_label
pair_e766f1856ffaeec2c807,entry_09ff9a4916893c28f38d,entry_9b56deb144a6f73e9cd6,Video Pairing,FBI-UAP-PR005,exact_normalized_label
pair_e788fc65eb06b8d75b31,entry_0d8fcb89c8fb00abccfa,entry_fdd30a12eb1dc38d2ad6,PDF Pairing,FBI Photo A006,exact_normalized_label
pair_e7e7f212349c1cddb8df,entry_3919f2504491b09c0a70,entry_f2a248d43130809d89e8,Video Pairing,DOW-UAP-PR120,exact_normalized_label
pair_e8a8653b3c9cb697813e,entry_a27c40e4c79ca9a1f333,entry_003dca02286e780af10f,Video Pairing,DOW-UAP-PR123,exact_normalized_label
pair_e8bf7da83f9f1fe24de8,entry_f6058963dd5730e81f85,entry_5c366c9f409feb825372,PDF Pairing,DoW-UAP-D032,exact_normalized_label
pair_e941a5f17bb26d161c09,entry_d949d1cec8d432e380e5,entry_d67799861ef3e5a9d2d5,Video Pairing,DOW-UAP-PR118,exact_normalized_label
pair_e9b91f9c011447b55314,entry_731c16f60d5be7cc25e7,entry_0d8fcb89c8fb00abccfa,PDF Pairing,"ODNI-UAP-D001, USPER Narrative, Senior USIC Official",exact_normalized_label
pair_ec721ffb69372dc549a1,entry_608354d6f1a7a88edfd6,entry_09ff9a4916893c28f38d,PDF Pairing,Western US Event,exact_normalized_label
pair_ed23ba0b00ca8a9a222e,entry_0c2f003ad8b1da78404c,entry_fdd30a12eb1dc38d2ad6,PDF Pairing,FBI Photo A006,exact_normalized_label
pair_ed8bf804067f18ee835d,entry_cde9a077250c1a081632,entry_f2a248d43130809d89e8,Video Pairing,DOW-UAP-PR120,exact_normalized_label
pair_eed0ae3d308b2f1dc8e0,entry_c167f46c1e3ad3bd4499,entry_09ff9a4916893c28f38d,PDF Pairing,Western US Event,exact_normalized_label
pair_eff229f4cdc2d3742888,entry_0c2f003ad8b1da78404c,entry_9d8501424d687341a5b1,PDF Pairing,FBI Photo B023,exact_normalized_label
pair_f0ce8d1da822b3034b84,entry_003dca02286e780af10f,entry_6d0105d0e5e08b046043,Video Pairing,DOW-UAP-PR126,exact_normalized_label
pair_f140242d5bfaf5ebd1d1,entry_0c2f003ad8b1da78404c,entry_c68a27411ae487e7d805,PDF Pairing,FBI Photo B014,exact_normalized_label
pair_f20cf3f37db0c491d174,entry_bde92365628e37026666,entry_0c2f003ad8b1da78404c,PDF Pairing,USPER Statement about UAP Sighting,exact_normalized_label
pair_f477bbb1630f0e0ad740,entry_c167f46c1e3ad3bd4499,entry_fb1c683a5adb0cb2109e,PDF Pairing,DOW-UAP-D080,exact_normalized_label
pair_f6c3a4ea174a998a206c,entry_ac7319d72c7e3490f0cb,entry_cc2311cc5826b95ad7b7,PDF Pairing,DoW-UAP-D012,exact_normalized_label
pair_f749afb36b35150c24d8,entry_3919f2504491b09c0a70,entry_cde9a077250c1a081632,Video Pairing,DOW-UAP-PR117,exact_normalized_label
pair_f89863e2a2dd16bbed00,entry_35ab41c4b938ab305040,entry_0c2f003ad8b1da78404c,PDF Pairing,USPER Statement about UAP Sighting,exact_normalized_label
pair_f9a387611fa56d1df77b,entry_b50b28200c7906bc24d8,entry_0c2f003ad8b1da78404c,PDF Pairing,USPER Statement about UAP Sighting,exact_normalized_label
pair_f9b34ef18c4b51d73b9b,entry_0c2f003ad8b1da78404c,entry_bc7ad60769463515f841,PDF Pairing,FBI Photo A004,exact_normalized_label
pair_f9d118ff56fd7998b3e7,entry_7cf65ec6a374a35076b0,entry_aad00059a992a38a211a,PDF Pairing,FBI-UAP-D038,exact_normalized_label
pair_f9e9bacdeb4dd9d9cfcc,entry_e0b40a8c17dfe7e74cda,entry_f5508edbbdcb16873d38,PDF Pairing,DOS-UAP-D001,exact_normalized_label
pair_fa590f45fd9ed7b1b168,entry_0d8fcb89c8fb00abccfa,entry_5bec9719505f4a1b3221,PDF Pairing,FBI Photo B016,exact_normalized_label
pair_fa8d976a6b8c17a4174a,entry_9b56deb144a6f73e9cd6,entry_276d6b5ee0373cb99514,PDF Pairing,DOW-UAP-D081,exact_normalized_label
pair_fd0d31c5e98075207c30,entry_133b2315e0d7cf6b1131,entry_51b73d5a0a5cb1984542,PDF Pairing,NASA-UAP-D031,exact_normalized_label
pair_fd25d679d5defd934a12,entry_09ff9a4916893c28f38d,entry_1138b8e2e13e953eab60,Video Pairing,DOW-UAP-D077,exact_normalized_label
pair_fde85145f24571d443f5,entry_003dca02286e780af10f,entry_a27c40e4c79ca9a1f333,Video Pairing,DOW-UAP-PR125,exact_normalized_label
pair_fe8dd39ef6df810e0614,entry_cde9a077250c1a081632,entry_d67799861ef3e5a9d2d5,Video Pairing,DOW-UAP-PR118,exact_normalized_label
pair_feb1cde8990a3927e950,entry_09ff9a4916893c28f38d,entry_6ba015e7d53a2d1e241e,Video Pairing,FBI-UAP-PR006,exact_normalized_label
pair_ffe22a15bb192109cf84,entry_29ec395b64313b72fbd7,entry_14d0cfcf8c9f0605cd17,Video Pairing,NASA-UAP-D029,exact_normalized_label
pair_ffedd8c89e4f77c99f37,entry_25b25df82312e3c7b012,entry_09ff9a4916893c28f38d,PDF Pairing,Western US Event,exact_normalized_label
